name,area,area_from,technology,qualifier,bus_qualifier,bus_from_qualifier,bus2_qualifier,build_year,retire_year,cumulative,nom,length
PL BEV BEV 2020,PL,,BEV,,BEV,,,2020,2020,TRUE,130.0,
PL BEV BEV 2021,PL,,BEV,,BEV,,,2021,2021,TRUE,220.0,
PL BEV BEV 2022,PL,,BEV,,BEV,,,2022,2022,TRUE,360.0,
PL BEV BEV 2023,PL,,BEV,,BEV,,,2023,2023,TRUE,360.0,
PL BEV V2G LV 2020,PL,,BEV V2G,,LV,,,2020,2020,TRUE,140.0,
PL BEV V2G LV 2021,PL,,BEV V2G,,LV,,,2021,2021,TRUE,240.0,
PL BEV V2G LV 2022,PL,,BEV V2G,,LV,,,2022,2022,TRUE,400.0,
PL BEV V2G LV 2023,PL,,BEV V2G,,LV,,,2023,2023,TRUE,400.0,
PL BEV battery 2020,PL,,BEV battery,,,,,2020,2020,TRUE,620.0,
PL BEV battery 2021,PL,,BEV battery,,,,,2021,2021,TRUE,1060.0,
PL BEV battery 2022,PL,,BEV battery,,,,,2022,2022,TRUE,1760.0,
PL BEV battery 2023,PL,,BEV battery,,,,,2023,2023,TRUE,1760.0,
PL BEV charger LV 2020,PL,,BEV charger,,,LV,,2020,2020,TRUE,130.0,
PL BEV charger LV 2021,PL,,BEV charger,,,LV,,2021,2021,TRUE,220.0,
PL BEV charger LV 2022,PL,,BEV charger,,,LV,,2022,2022,TRUE,360.0,
PL BEV charger LV 2023,PL,,BEV charger,,,LV,,2023,2023,TRUE,360.0,
PL ICE vehicle ICE vehicle new 2020,PL,,ICE vehicle,,ICE vehicle,,,2020,,TRUE,0.0,
PL ICE vehicle ICE vehicle new 2021,PL,,ICE vehicle,,ICE vehicle,,,2021,,TRUE,0.0,
PL ICE vehicle ICE vehicle new 2022,PL,,ICE vehicle,,ICE vehicle,,,2022,,TRUE,0.0,
PL ICE vehicle ICE vehicle new 2023,PL,,ICE vehicle,,ICE vehicle,,,2023,,TRUE,0.0,
PL ICE vehicle ICE vehicle 2020,PL,,ICE vehicle,,ICE vehicle,,,2020,2020,TRUE,237870.0,
PL ICE vehicle ICE vehicle 2021,PL,,ICE vehicle,,ICE vehicle,,,2021,2021,TRUE,242400.0,
PL ICE vehicle ICE vehicle 2022,PL,,ICE vehicle,,ICE vehicle,,,2022,2022,TRUE,243960.0,
PL ICE vehicle ICE vehicle 2023,PL,,ICE vehicle,,ICE vehicle,,,2023,2023,TRUE,243960.0,
PL ICE vehicle fuel supply 2020,PL,,ICE vehicle fuel supply,,,,,2020,2020,TRUE,inf,
PL ICE vehicle fuel supply 2021,PL,,ICE vehicle fuel supply,,,,,2021,2021,TRUE,inf,
PL ICE vehicle fuel supply 2022,PL,,ICE vehicle fuel supply,,,,,2022,2022,TRUE,inf,
PL ICE vehicle fuel supply 2023,PL,,ICE vehicle fuel supply,,,,,2023,2023,TRUE,inf,
PL ICE vehicle fuel supply 2024,PL,,ICE vehicle fuel supply,,,,,2024,2024,TRUE,inf,
PL battery large charger HMV 2021,PL,,battery large charger,,HMV,HMV,,2021,2021,TRUE,50.0,
PL battery large charger HMV 2022,PL,,battery large charger,,HMV,HMV,,2022,2022,TRUE,90.0,
PL battery large charger HMV 2023,PL,,battery large charger,,HMV,HMV,,2023,2023,TRUE,140.0,
PL battery large charger HMV 2024,PL,,battery large charger,,HMV,HMV,,2024,2024,TRUE,180.0,
PL battery large power HMV 2021,PL,,battery large power,,HMV,HMV,,2021,2021,TRUE,50.0,
PL battery large power HMV 2022,PL,,battery large power,,HMV,HMV,,2022,2022,TRUE,100.0,
PL battery large power HMV 2023,PL,,battery large power,,HMV,HMV,,2023,2023,TRUE,150.0,
PL battery large power HMV 2024,PL,,battery large power,,HMV,HMV,,2024,2024,TRUE,200.0,
PL battery large storage HMV 2021,PL,,battery large storage,,HMV,,,2021,2021,TRUE,200.0,
PL battery large storage HMV 2022,PL,,battery large storage,,HMV,,,2022,2022,TRUE,400.0,
PL battery large storage HMV 2023,PL,,battery large storage,,HMV,,,2023,2023,TRUE,600.0,
PL battery large storage HMV 2024,PL,,battery large storage,,HMV,,,2024,2024,TRUE,800.0,
PL biogas CHP industrial HMV biomass and biogas 2020,PL,,biogas CHP,industrial,HMV,,biomass and biogas,2020,2020,TRUE,60.0,
PL biogas CHP industrial HMV biomass and biogas 2021,PL,,biogas CHP,industrial,HMV,,biomass and biogas,2021,2021,TRUE,60.0,
PL biogas CHP industrial HMV biomass and biogas 2022,PL,,biogas CHP,industrial,HMV,,biomass and biogas,2022,2022,TRUE,70.0,
PL biogas CHP industrial HMV biomass and biogas 2023,PL,,biogas CHP,industrial,HMV,,biomass and biogas,2023,2023,TRUE,70.0,
PL biogas CHP industrial HMV biomass and biogas 2024,PL,,biogas CHP,industrial,HMV,,biomass and biogas,2024,2024,TRUE,70.0,
PL biogas CHP public HMV biomass and biogas 2020,PL,,biogas CHP,public,HMV,,biomass and biogas,2020,2020,TRUE,180.0,
PL biogas CHP public HMV biomass and biogas 2021,PL,,biogas CHP,public,HMV,,biomass and biogas,2021,2021,TRUE,190.0,
PL biogas CHP public HMV biomass and biogas 2022,PL,,biogas CHP,public,HMV,,biomass and biogas,2022,2022,TRUE,200.0,
PL biogas CHP public HMV biomass and biogas 2023,PL,,biogas CHP,public,HMV,,biomass and biogas,2023,2023,TRUE,210.0,
PL biogas CHP public HMV biomass and biogas 2024,PL,,biogas CHP,public,HMV,,biomass and biogas,2024,2024,TRUE,220.0,
PL biogas production industrial 2020,PL,,biogas production,industrial,,,,2020,2020,TRUE,150.0,
PL biogas production industrial 2021,PL,,biogas production,industrial,,,,2021,2021,TRUE,150.0,
PL biogas production industrial 2022,PL,,biogas production,industrial,,,,2022,2022,TRUE,180.0,
PL biogas production industrial 2023,PL,,biogas production,industrial,,,,2023,2023,TRUE,180.0,
PL biogas production industrial 2024,PL,,biogas production,industrial,,,,2024,2024,TRUE,180.0,
PL biogas production public 2020,PL,,biogas production,public,,,,2020,2020,TRUE,440.0,
PL biogas production public 2021,PL,,biogas production,public,,,,2021,2021,TRUE,470.0,
PL biogas production public 2022,PL,,biogas production,public,,,,2022,2022,TRUE,490.0,
PL biogas production public 2023,PL,,biogas production,public,,,,2023,2023,TRUE,520.0,
PL biogas production public 2024,PL,,biogas production,public,,,,2024,2024,TRUE,540.0,
PL biogas substrate supply 2020,PL,,biogas substrate supply,,,,,2020,2020,TRUE,inf,
PL biogas substrate supply 2021,PL,,biogas substrate supply,,,,,2021,2021,TRUE,inf,
PL biogas substrate supply 2022,PL,,biogas substrate supply,,,,,2022,2022,TRUE,inf,
PL biogas substrate supply 2023,PL,,biogas substrate supply,,,,,2023,2023,TRUE,inf,
PL biogas substrate supply 2024,PL,,biogas substrate supply,,,,,2024,2024,TRUE,inf,
PL biomass wood CHP industrial HMV biomass and biogas 2020,PL,,biomass wood CHP,industrial,HMV,,biomass and biogas,2020,2020,TRUE,190.0,
PL biomass wood CHP industrial HMV biomass and biogas 2021,PL,,biomass wood CHP,industrial,HMV,,biomass and biogas,2021,2021,TRUE,190.0,
PL biomass wood CHP industrial HMV biomass and biogas 2022,PL,,biomass wood CHP,industrial,HMV,,biomass and biogas,2022,2022,TRUE,200.0,
PL biomass wood CHP industrial HMV biomass and biogas 2023,PL,,biomass wood CHP,industrial,HMV,,biomass and biogas,2023,2023,TRUE,190.0,
PL biomass wood CHP industrial HMV biomass and biogas 2024,PL,,biomass wood CHP,industrial,HMV,,biomass and biogas,2024,2024,TRUE,200.0,
PL biomass wood CHP public HMV biomass and biogas 2020,PL,,biomass wood CHP,public,HMV,,biomass and biogas,2020,2020,TRUE,260.0,
PL biomass wood CHP public HMV biomass and biogas 2021,PL,,biomass wood CHP,public,HMV,,biomass and biogas,2021,2021,TRUE,270.0,
PL biomass wood CHP public HMV biomass and biogas 2022,PL,,biomass wood CHP,public,HMV,,biomass and biogas,2022,2022,TRUE,260.0,
PL biomass wood CHP public HMV biomass and biogas 2023,PL,,biomass wood CHP,public,HMV,,biomass and biogas,2023,2023,TRUE,270.0,
PL biomass wood CHP public HMV biomass and biogas 2024,PL,,biomass wood CHP,public,HMV,,biomass and biogas,2024,2024,TRUE,260.0,
PL biomass wood boiler biomass 2020,PL,,biomass wood boiler,,biomass,,,2020,2020,TRUE,24570.0,
PL biomass wood boiler biomass 2021,PL,,biomass wood boiler,,biomass,,,2021,2021,TRUE,25190.0,
PL biomass wood boiler biomass 2022,PL,,biomass wood boiler,,biomass,,,2022,2022,TRUE,24700.0,
PL biomass wood boiler biomass 2023,PL,,biomass wood boiler,,biomass,,,2023,2023,TRUE,24700.0,
PL biomass wood heat biomass and biogas 2020,PL,,biomass wood heat,,biomass and biogas,,,2020,2020,TRUE,1820.0,
PL biomass wood heat biomass and biogas 2021,PL,,biomass wood heat,,biomass and biogas,,,2021,2021,TRUE,2380.0,
PL biomass wood heat biomass and biogas 2022,PL,,biomass wood heat,,biomass and biogas,,,2022,2022,TRUE,2470.0,
PL biomass wood heat biomass and biogas 2023,PL,,biomass wood heat,,biomass and biogas,,,2023,2023,TRUE,2470.0,
PL biomass wood power public EHV 2020,PL,,biomass wood power,public,EHV,,,2020,2020,TRUE,300.0,
PL biomass wood power public EHV 2021,PL,,biomass wood power,public,EHV,,,2021,2021,TRUE,300.0,
PL biomass wood power public EHV 2022,PL,,biomass wood power,public,EHV,,,2022,2022,TRUE,340.0,
PL biomass wood power public EHV 2023,PL,,biomass wood power,public,EHV,,,2023,2023,TRUE,340.0,
PL biomass wood power public EHV 2024,PL,,biomass wood power,public,EHV,,,2024,2024,TRUE,340.0,
PL biomass wood supply 2020,PL,,biomass wood supply,,,,,2020,2020,TRUE,inf,
PL biomass wood supply 2021,PL,,biomass wood supply,,,,,2021,2021,TRUE,inf,
PL biomass wood supply 2022,PL,,biomass wood supply,,,,,2022,2022,TRUE,inf,
PL biomass wood supply 2023,PL,,biomass wood supply,,,,,2023,2023,TRUE,inf,
PL biomass wood supply 2024,PL,,biomass wood supply,,,,,2024,2024,TRUE,inf,
PL centralised other heating biomass and biogas 2020,PL,,centralised other heating,,,biomass and biogas,,2020,2020,TRUE,inf,
PL centralised other heating biomass and biogas 2021,PL,,centralised other heating,,,biomass and biogas,,2021,2021,TRUE,inf,
PL centralised other heating biomass and biogas 2022,PL,,centralised other heating,,,biomass and biogas,,2022,2022,TRUE,inf,
PL centralised other heating biomass and biogas 2023,PL,,centralised other heating,,,biomass and biogas,,2023,2023,TRUE,inf,
PL centralised other heating hard coal 2020,PL,,centralised other heating,,,hard coal,,2020,2020,TRUE,inf,
PL centralised other heating hard coal 2021,PL,,centralised other heating,,,hard coal,,2021,2021,TRUE,inf,
PL centralised other heating hard coal 2022,PL,,centralised other heating,,,hard coal,,2022,2022,TRUE,inf,
PL centralised other heating hard coal 2023,PL,,centralised other heating,,,hard coal,,2023,2023,TRUE,inf,
PL centralised other heating natural gas 2020,PL,,centralised other heating,,,natural gas,,2020,2020,TRUE,inf,
PL centralised other heating natural gas 2021,PL,,centralised other heating,,,natural gas,,2021,2021,TRUE,inf,
PL centralised other heating natural gas 2022,PL,,centralised other heating,,,natural gas,,2022,2022,TRUE,inf,
PL centralised other heating natural gas 2023,PL,,centralised other heating,,,natural gas,,2023,2023,TRUE,inf,
PL centralised other heating other 2020,PL,,centralised other heating,,,other,,2020,2020,TRUE,inf,
PL centralised other heating other 2021,PL,,centralised other heating,,,other,,2021,2021,TRUE,inf,
PL centralised other heating other 2022,PL,,centralised other heating,,,other,,2022,2022,TRUE,inf,
PL centralised other heating other 2023,PL,,centralised other heating,,,other,,2023,2023,TRUE,inf,
PL centralised space heating biomass and biogas 2020,PL,,centralised space heating,,,biomass and biogas,,2020,2020,TRUE,inf,
PL centralised space heating biomass and biogas 2021,PL,,centralised space heating,,,biomass and biogas,,2021,2021,TRUE,inf,
PL centralised space heating biomass and biogas 2022,PL,,centralised space heating,,,biomass and biogas,,2022,2022,TRUE,inf,
PL centralised space heating biomass and biogas 2023,PL,,centralised space heating,,,biomass and biogas,,2023,2023,TRUE,inf,
PL centralised space heating hard coal 2020,PL,,centralised space heating,,,hard coal,,2020,2020,TRUE,inf,
PL centralised space heating hard coal 2021,PL,,centralised space heating,,,hard coal,,2021,2021,TRUE,inf,
PL centralised space heating hard coal 2022,PL,,centralised space heating,,,hard coal,,2022,2022,TRUE,inf,
PL centralised space heating hard coal 2023,PL,,centralised space heating,,,hard coal,,2023,2023,TRUE,inf,
PL centralised space heating natural gas 2020,PL,,centralised space heating,,,natural gas,,2020,2020,TRUE,inf,
PL centralised space heating natural gas 2021,PL,,centralised space heating,,,natural gas,,2021,2021,TRUE,inf,
PL centralised space heating natural gas 2022,PL,,centralised space heating,,,natural gas,,2022,2022,TRUE,inf,
PL centralised space heating natural gas 2023,PL,,centralised space heating,,,natural gas,,2023,2023,TRUE,inf,
PL centralised space heating other 2020,PL,,centralised space heating,,,other,,2020,2020,TRUE,inf,
PL centralised space heating other 2021,PL,,centralised space heating,,,other,,2021,2021,TRUE,inf,
PL centralised space heating other 2022,PL,,centralised space heating,,,other,,2022,2022,TRUE,inf,
PL centralised space heating other 2023,PL,,centralised space heating,,,other,,2023,2023,TRUE,inf,
PL centralised water heating biomass and biogas 2020,PL,,centralised water heating,,,biomass and biogas,,2020,2020,TRUE,inf,
PL centralised water heating biomass and biogas 2021,PL,,centralised water heating,,,biomass and biogas,,2021,2021,TRUE,inf,
PL centralised water heating biomass and biogas 2022,PL,,centralised water heating,,,biomass and biogas,,2022,2022,TRUE,inf,
PL centralised water heating biomass and biogas 2023,PL,,centralised water heating,,,biomass and biogas,,2023,2023,TRUE,inf,
PL centralised water heating hard coal 2020,PL,,centralised water heating,,,hard coal,,2020,2020,TRUE,inf,
PL centralised water heating hard coal 2021,PL,,centralised water heating,,,hard coal,,2021,2021,TRUE,inf,
PL centralised water heating hard coal 2022,PL,,centralised water heating,,,hard coal,,2022,2022,TRUE,inf,
PL centralised water heating hard coal 2023,PL,,centralised water heating,,,hard coal,,2023,2023,TRUE,inf,
PL centralised water heating natural gas 2020,PL,,centralised water heating,,,natural gas,,2020,2020,TRUE,inf,
PL centralised water heating natural gas 2021,PL,,centralised water heating,,,natural gas,,2021,2021,TRUE,inf,
PL centralised water heating natural gas 2022,PL,,centralised water heating,,,natural gas,,2022,2022,TRUE,inf,
PL centralised water heating natural gas 2023,PL,,centralised water heating,,,natural gas,,2023,2023,TRUE,inf,
PL centralised water heating other 2020,PL,,centralised water heating,,,other,,2020,2020,TRUE,inf,
PL centralised water heating other 2021,PL,,centralised water heating,,,other,,2021,2021,TRUE,inf,
PL centralised water heating other 2022,PL,,centralised water heating,,,other,,2022,2022,TRUE,inf,
PL centralised water heating other 2023,PL,,centralised water heating,,,other,,2023,2023,TRUE,inf,
PL connection HMV-vRES HMV vRES HMV 2020,PL,,connection HMV-vRES,,HMV vRES,HMV,,2020,2020,TRUE,inf,
PL connection HMV-vRES HMV vRES HMV 2021,PL,,connection HMV-vRES,,HMV vRES,HMV,,2021,2021,TRUE,inf,
PL connection HMV-vRES HMV vRES HMV 2022,PL,,connection HMV-vRES,,HMV vRES,HMV,,2022,2022,TRUE,inf,
PL connection HMV-vRES HMV vRES HMV 2023,PL,,connection HMV-vRES,,HMV vRES,HMV,,2023,2023,TRUE,inf,
PL connection HMV-vRES HMV vRES HMV 2024,PL,,connection HMV-vRES,,HMV vRES,HMV,,2024,2024,TRUE,inf,
PL connection vRES-HMV HMV HMV vRES 2020,PL,,connection vRES-HMV,,HMV,HMV vRES,,2020,2020,TRUE,inf,
PL connection vRES-HMV HMV HMV vRES 2021,PL,,connection vRES-HMV,,HMV,HMV vRES,,2021,2021,TRUE,inf,
PL connection vRES-HMV HMV HMV vRES 2022,PL,,connection vRES-HMV,,HMV,HMV vRES,,2022,2022,TRUE,inf,
PL connection vRES-HMV HMV HMV vRES 2023,PL,,connection vRES-HMV,,HMV,HMV vRES,,2023,2023,TRUE,inf,
PL connection vRES-HMV HMV HMV vRES 2024,PL,,connection vRES-HMV,,HMV,HMV vRES,,2024,2024,TRUE,inf,
PL decentralised space heating biomass 2020,PL,,decentralised space heating,,,biomass,,2020,2020,TRUE,inf,
PL decentralised space heating biomass 2021,PL,,decentralised space heating,,,biomass,,2021,2021,TRUE,inf,
PL decentralised space heating biomass 2022,PL,,decentralised space heating,,,biomass,,2022,2022,TRUE,inf,
PL decentralised space heating biomass 2023,PL,,decentralised space heating,,,biomass,,2023,2023,TRUE,inf,
PL decentralised space heating hard coal 2020,PL,,decentralised space heating,,,hard coal,,2020,2020,TRUE,inf,
PL decentralised space heating hard coal 2021,PL,,decentralised space heating,,,hard coal,,2021,2021,TRUE,inf,
PL decentralised space heating hard coal 2022,PL,,decentralised space heating,,,hard coal,,2022,2022,TRUE,inf,
PL decentralised space heating hard coal 2023,PL,,decentralised space heating,,,hard coal,,2023,2023,TRUE,inf,
PL decentralised space heating heat pump 2020,PL,,decentralised space heating,,,heat pump,,2020,2020,TRUE,inf,
PL decentralised space heating heat pump 2021,PL,,decentralised space heating,,,heat pump,,2021,2021,TRUE,inf,
PL decentralised space heating heat pump 2022,PL,,decentralised space heating,,,heat pump,,2022,2022,TRUE,inf,
PL decentralised space heating heat pump 2023,PL,,decentralised space heating,,,heat pump,,2023,2023,TRUE,inf,
PL decentralised space heating natural gas 2020,PL,,decentralised space heating,,,natural gas,,2020,2020,TRUE,inf,
PL decentralised space heating natural gas 2021,PL,,decentralised space heating,,,natural gas,,2021,2021,TRUE,inf,
PL decentralised space heating natural gas 2022,PL,,decentralised space heating,,,natural gas,,2022,2022,TRUE,inf,
PL decentralised space heating natural gas 2023,PL,,decentralised space heating,,,natural gas,,2023,2023,TRUE,inf,
PL decentralised space heating other 2020,PL,,decentralised space heating,,,other,,2020,2020,TRUE,inf,
PL decentralised space heating other 2021,PL,,decentralised space heating,,,other,,2021,2021,TRUE,inf,
PL decentralised space heating other 2022,PL,,decentralised space heating,,,other,,2022,2022,TRUE,inf,
PL decentralised space heating other 2023,PL,,decentralised space heating,,,other,,2023,2023,TRUE,inf,
PL decentralised space heating other RES 2020,PL,,decentralised space heating,,,other RES,,2020,2020,TRUE,inf,
PL decentralised space heating other RES 2021,PL,,decentralised space heating,,,other RES,,2021,2021,TRUE,inf,
PL decentralised space heating other RES 2022,PL,,decentralised space heating,,,other RES,,2022,2022,TRUE,inf,
PL decentralised space heating other RES 2023,PL,,decentralised space heating,,,other RES,,2023,2023,TRUE,inf,
PL decentralised space heating resistive heater 2020,PL,,decentralised space heating,,,resistive heater,,2020,2020,TRUE,inf,
PL decentralised space heating resistive heater 2021,PL,,decentralised space heating,,,resistive heater,,2021,2021,TRUE,inf,
PL decentralised space heating resistive heater 2022,PL,,decentralised space heating,,,resistive heater,,2022,2022,TRUE,inf,
PL decentralised space heating resistive heater 2023,PL,,decentralised space heating,,,resistive heater,,2023,2023,TRUE,inf,
PL decentralised water heating biomass 2020,PL,,decentralised water heating,,,biomass,,2020,2020,TRUE,inf,
PL decentralised water heating biomass 2021,PL,,decentralised water heating,,,biomass,,2021,2021,TRUE,inf,
PL decentralised water heating biomass 2022,PL,,decentralised water heating,,,biomass,,2022,2022,TRUE,inf,
PL decentralised water heating biomass 2023,PL,,decentralised water heating,,,biomass,,2023,2023,TRUE,inf,
PL decentralised water heating hard coal 2020,PL,,decentralised water heating,,,hard coal,,2020,2020,TRUE,inf,
PL decentralised water heating hard coal 2021,PL,,decentralised water heating,,,hard coal,,2021,2021,TRUE,inf,
PL decentralised water heating hard coal 2022,PL,,decentralised water heating,,,hard coal,,2022,2022,TRUE,inf,
PL decentralised water heating hard coal 2023,PL,,decentralised water heating,,,hard coal,,2023,2023,TRUE,inf,
PL decentralised water heating heat pump 2020,PL,,decentralised water heating,,,heat pump,,2020,2020,TRUE,inf,
PL decentralised water heating heat pump 2021,PL,,decentralised water heating,,,heat pump,,2021,2021,TRUE,inf,
PL decentralised water heating heat pump 2022,PL,,decentralised water heating,,,heat pump,,2022,2022,TRUE,inf,
PL decentralised water heating heat pump 2023,PL,,decentralised water heating,,,heat pump,,2023,2023,TRUE,inf,
PL decentralised water heating natural gas 2020,PL,,decentralised water heating,,,natural gas,,2020,2020,TRUE,inf,
PL decentralised water heating natural gas 2021,PL,,decentralised water heating,,,natural gas,,2021,2021,TRUE,inf,
PL decentralised water heating natural gas 2022,PL,,decentralised water heating,,,natural gas,,2022,2022,TRUE,inf,
PL decentralised water heating natural gas 2023,PL,,decentralised water heating,,,natural gas,,2023,2023,TRUE,inf,
PL decentralised water heating other 2020,PL,,decentralised water heating,,,other,,2020,2020,TRUE,inf,
PL decentralised water heating other 2021,PL,,decentralised water heating,,,other,,2021,2021,TRUE,inf,
PL decentralised water heating other 2022,PL,,decentralised water heating,,,other,,2022,2022,TRUE,inf,
PL decentralised water heating other 2023,PL,,decentralised water heating,,,other,,2023,2023,TRUE,inf,
PL decentralised water heating other RES 2020,PL,,decentralised water heating,,,other RES,,2020,2020,TRUE,inf,
PL decentralised water heating other RES 2021,PL,,decentralised water heating,,,other RES,,2021,2021,TRUE,inf,
PL decentralised water heating other RES 2022,PL,,decentralised water heating,,,other RES,,2022,2022,TRUE,inf,
PL decentralised water heating other RES 2023,PL,,decentralised water heating,,,other RES,,2023,2023,TRUE,inf,
PL decentralised water heating resistive heater 2020,PL,,decentralised water heating,,,resistive heater,,2020,2020,TRUE,inf,
PL decentralised water heating resistive heater 2021,PL,,decentralised water heating,,,resistive heater,,2021,2021,TRUE,inf,
PL decentralised water heating resistive heater 2022,PL,,decentralised water heating,,,resistive heater,,2022,2022,TRUE,inf,
PL decentralised water heating resistive heater 2023,PL,,decentralised water heating,,,resistive heater,,2023,2023,TRUE,inf,
PL direct line vRES HMV vRES 2020,PL,,direct line vRES,,HMV vRES,HMV vRES,,2020,2020,TRUE,inf,
PL direct line vRES HMV vRES 2021,PL,,direct line vRES,,HMV vRES,HMV vRES,,2021,2021,TRUE,inf,
PL direct line vRES HMV vRES 2022,PL,,direct line vRES,,HMV vRES,HMV vRES,,2022,2022,TRUE,inf,
PL direct line vRES HMV vRES 2023,PL,,direct line vRES,,HMV vRES,HMV vRES,,2023,2023,TRUE,inf,
PL direct line vRES HMV vRES 2024,PL,,direct line vRES,,HMV vRES,HMV vRES,,2024,2024,TRUE,inf,
PL distribution HMV HMV 2020,PL,,distribution HMV,,HMV,HMV,,2020,2020,TRUE,inf,
PL distribution HMV HMV 2021,PL,,distribution HMV,,HMV,HMV,,2021,2021,TRUE,inf,
PL distribution HMV HMV 2022,PL,,distribution HMV,,HMV,HMV,,2022,2022,TRUE,inf,
PL distribution HMV HMV 2023,PL,,distribution HMV,,HMV,HMV,,2023,2023,TRUE,inf,
PL distribution HMV HMV 2024,PL,,distribution HMV,,HMV,HMV,,2024,2024,TRUE,inf,
PL distribution LV LV 2020,PL,,distribution LV,,LV,LV,,2020,2020,TRUE,inf,
PL distribution LV LV 2021,PL,,distribution LV,,LV,LV,,2021,2021,TRUE,inf,
PL distribution LV LV 2022,PL,,distribution LV,,LV,LV,,2022,2022,TRUE,inf,
PL distribution LV LV 2023,PL,,distribution LV,,LV,LV,,2023,2023,TRUE,inf,
PL distribution LV LV 2024,PL,,distribution LV,,LV,LV,,2024,2024,TRUE,inf,
PL district heating biomass and biogas 2020,PL,,district heating,,biomass and biogas,biomass and biogas,,2020,2020,TRUE,2980.0,
PL district heating biomass and biogas 2021,PL,,district heating,,biomass and biogas,biomass and biogas,,2021,2021,TRUE,3270.0,
PL district heating biomass and biogas 2022,PL,,district heating,,biomass and biogas,biomass and biogas,,2022,2022,TRUE,3270.0,
PL district heating biomass and biogas 2023,PL,,district heating,,biomass and biogas,biomass and biogas,,2023,2023,TRUE,3270.0,
PL district heating hard coal 2020,PL,,district heating,,hard coal,hard coal,,2020,2020,TRUE,31230.0,
PL district heating hard coal 2021,PL,,district heating,,hard coal,hard coal,,2021,2021,TRUE,33000.0,
PL district heating hard coal 2022,PL,,district heating,,hard coal,hard coal,,2022,2022,TRUE,30190.0,
PL district heating hard coal 2023,PL,,district heating,,hard coal,hard coal,,2023,2023,TRUE,30190.0,
PL district heating natural gas 2020,PL,,district heating,,natural gas,natural gas,,2020,2020,TRUE,4190.0,
PL district heating natural gas 2021,PL,,district heating,,natural gas,natural gas,,2021,2021,TRUE,4670.0,
PL district heating natural gas 2022,PL,,district heating,,natural gas,natural gas,,2022,2022,TRUE,4650.0,
PL district heating natural gas 2023,PL,,district heating,,natural gas,natural gas,,2023,2023,TRUE,4650.0,
PL district heating other 2020,PL,,district heating,,other,other,,2020,2020,TRUE,1730.0,
PL district heating other 2021,PL,,district heating,,other,other,,2021,2021,TRUE,1950.0,
PL district heating other 2022,PL,,district heating,,other,other,,2022,2022,TRUE,1990.0,
PL district heating other 2023,PL,,district heating,,other,other,,2023,2023,TRUE,1990.0,
PL electricity HMV final use HMV 2020,PL,,electricity HMV final use,,,HMV,,2020,2020,TRUE,inf,
PL electricity HMV final use HMV 2021,PL,,electricity HMV final use,,,HMV,,2021,2021,TRUE,inf,
PL electricity HMV final use HMV 2022,PL,,electricity HMV final use,,,HMV,,2022,2022,TRUE,inf,
PL electricity HMV final use HMV 2023,PL,,electricity HMV final use,,,HMV,,2023,2023,TRUE,inf,
PL electricity HMV final use HMV 2024,PL,,electricity HMV final use,,,HMV,,2024,2024,TRUE,inf,
PL electricity LV final use LV 2020,PL,,electricity LV final use,,,LV,,2020,2020,TRUE,inf,
PL electricity LV final use LV 2021,PL,,electricity LV final use,,,LV,,2021,2021,TRUE,inf,
PL electricity LV final use LV 2022,PL,,electricity LV final use,,,LV,,2022,2022,TRUE,inf,
PL electricity LV final use LV 2023,PL,,electricity LV final use,,,LV,,2023,2023,TRUE,inf,
PL electricity LV final use LV 2024,PL,,electricity LV final use,,,LV,,2024,2024,TRUE,inf,
PL hard coal CHP industrial HMV hard coal 2020,PL,,hard coal CHP,industrial,HMV,,hard coal,2020,2020,TRUE,950.0,
PL hard coal CHP industrial HMV hard coal 2021,PL,,hard coal CHP,industrial,HMV,,hard coal,2021,2021,TRUE,960.0,
PL hard coal CHP industrial HMV hard coal 2022,PL,,hard coal CHP,industrial,HMV,,hard coal,2022,2022,TRUE,1010.0,
PL hard coal CHP industrial HMV hard coal 2023,PL,,hard coal CHP,industrial,HMV,,hard coal,2023,2023,TRUE,1030.0,
PL hard coal CHP industrial HMV hard coal 2024,PL,,hard coal CHP,industrial,HMV,,hard coal,2024,2024,TRUE,1080.0,
PL hard coal CHP public HMV hard coal 2020,PL,,hard coal CHP,public,HMV,,hard coal,2020,2020,TRUE,4450.0,
PL hard coal CHP public HMV hard coal 2021,PL,,hard coal CHP,public,HMV,,hard coal,2021,2021,TRUE,4680.0,
PL hard coal CHP public HMV hard coal 2022,PL,,hard coal CHP,public,HMV,,hard coal,2022,2022,TRUE,4120.0,
PL hard coal CHP public HMV hard coal 2023,PL,,hard coal CHP,public,HMV,,hard coal,2023,2023,TRUE,4070.0,
PL hard coal CHP public HMV hard coal 2024,PL,,hard coal CHP,public,HMV,,hard coal,2024,2024,TRUE,4100.0,
PL hard coal boiler hard coal 2020,PL,,hard coal boiler,,hard coal,,,2020,2020,TRUE,28120.0,
PL hard coal boiler hard coal 2021,PL,,hard coal boiler,,hard coal,,,2021,2021,TRUE,27010.0,
PL hard coal boiler hard coal 2022,PL,,hard coal boiler,,hard coal,,,2022,2022,TRUE,21670.0,
PL hard coal boiler hard coal 2023,PL,,hard coal boiler,,hard coal,,,2023,2023,TRUE,21670.0,
PL hard coal heat hard coal 2020,PL,,hard coal heat,,hard coal,,,2020,2020,TRUE,36910.0,
PL hard coal heat hard coal 2021,PL,,hard coal heat,,hard coal,,,2021,2021,TRUE,35630.0,
PL hard coal heat hard coal 2022,PL,,hard coal heat,,hard coal,,,2022,2022,TRUE,34210.0,
PL hard coal heat hard coal 2023,PL,,hard coal heat,,hard coal,,,2023,2023,TRUE,34210.0,
PL hard coal power SC public EHV 2020,PL,,hard coal power SC,public,EHV,,,2020,2020,TRUE,4050.0,
PL hard coal power SC public EHV 2021,PL,,hard coal power SC,public,EHV,,,2021,2021,TRUE,4050.0,
PL hard coal power SC public EHV 2022,PL,,hard coal power SC,public,EHV,,,2022,2022,TRUE,4050.0,
PL hard coal power SC public EHV 2023,PL,,hard coal power SC,public,EHV,,,2023,2023,TRUE,4050.0,
PL hard coal power SC public EHV 2024,PL,,hard coal power SC,public,EHV,,,2024,2024,TRUE,4050.0,
PL hard coal power old public EHV 2020,PL,,hard coal power old,public,EHV,,,2020,2020,TRUE,12630.0,
PL hard coal power old public EHV 2021,PL,,hard coal power old,public,EHV,,,2021,2021,TRUE,11550.0,
PL hard coal power old public EHV 2022,PL,,hard coal power old,public,EHV,,,2022,2022,TRUE,11130.0,
PL hard coal power old public EHV 2023,PL,,hard coal power old,public,EHV,,,2023,2023,TRUE,11130.0,
PL hard coal power old public EHV 2024,PL,,hard coal power old,public,EHV,,,2024,2024,TRUE,10520.0,
PL hard coal supply 2020,PL,,hard coal supply,,,,,2020,2020,TRUE,inf,
PL hard coal supply 2021,PL,,hard coal supply,,,,,2021,2021,TRUE,inf,
PL hard coal supply 2022,PL,,hard coal supply,,,,,2022,2022,TRUE,inf,
PL hard coal supply 2023,PL,,hard coal supply,,,,,2023,2023,TRUE,inf,
PL hard coal supply 2024,PL,,hard coal supply,,,,,2024,2024,TRUE,inf,
PL heat pump small AW heat pump LV 2020,PL,,heat pump small AW,,heat pump,LV,,2020,2020,TRUE,2970.0,
PL heat pump small AW heat pump LV 2021,PL,,heat pump small AW,,heat pump,LV,,2021,2021,TRUE,3690.0,
PL heat pump small AW heat pump LV 2022,PL,,heat pump small AW,,heat pump,LV,,2022,2022,TRUE,5170.0,
PL heat pump small AW heat pump LV 2023,PL,,heat pump small AW,,heat pump,LV,,2023,2023,TRUE,5170.0,
PL heat storage large tank biomass and biogas 2020,PL,,heat storage large tank,,biomass and biogas,,,2020,2020,TRUE,0.0,
PL heat storage large tank biomass and biogas 2021,PL,,heat storage large tank,,biomass and biogas,,,2021,2021,TRUE,910.0,
PL heat storage large tank biomass and biogas 2022,PL,,heat storage large tank,,biomass and biogas,,,2022,2022,TRUE,980.0,
PL heat storage large tank biomass and biogas 2023,PL,,heat storage large tank,,biomass and biogas,,,2023,2023,TRUE,980.0,
PL heat storage large tank hard coal 2020,PL,,heat storage large tank,,hard coal,,,2020,2020,TRUE,0.0,
PL heat storage large tank hard coal 2021,PL,,heat storage large tank,,hard coal,,,2021,2021,TRUE,9230.0,
PL heat storage large tank hard coal 2022,PL,,heat storage large tank,,hard coal,,,2022,2022,TRUE,9040.0,
PL heat storage large tank hard coal 2023,PL,,heat storage large tank,,hard coal,,,2023,2023,TRUE,9040.0,
PL heat storage large tank natural gas 2020,PL,,heat storage large tank,,natural gas,,,2020,2020,TRUE,0.0,
PL heat storage large tank natural gas 2021,PL,,heat storage large tank,,natural gas,,,2021,2021,TRUE,1310.0,
PL heat storage large tank natural gas 2022,PL,,heat storage large tank,,natural gas,,,2022,2022,TRUE,1390.0,
PL heat storage large tank natural gas 2023,PL,,heat storage large tank,,natural gas,,,2023,2023,TRUE,1390.0,
PL heat storage large tank other 2020,PL,,heat storage large tank,,other,,,2020,2020,TRUE,0.0,
PL heat storage large tank other 2021,PL,,heat storage large tank,,other,,,2021,2021,TRUE,550.0,
PL heat storage large tank other 2022,PL,,heat storage large tank,,other,,,2022,2022,TRUE,590.0,
PL heat storage large tank other 2023,PL,,heat storage large tank,,other,,,2023,2023,TRUE,590.0,
PL heat storage large tank charge biomass and biogas 2020,PL,,heat storage large tank charge,,biomass and biogas,biomass and biogas,,2020,2020,TRUE,0.0,
PL heat storage large tank charge biomass and biogas 2021,PL,,heat storage large tank charge,,biomass and biogas,biomass and biogas,,2021,2021,TRUE,150.0,
PL heat storage large tank charge biomass and biogas 2022,PL,,heat storage large tank charge,,biomass and biogas,biomass and biogas,,2022,2022,TRUE,160.0,
PL heat storage large tank charge biomass and biogas 2023,PL,,heat storage large tank charge,,biomass and biogas,biomass and biogas,,2023,2023,TRUE,160.0,
PL heat storage large tank charge hard coal 2020,PL,,heat storage large tank charge,,hard coal,hard coal,,2020,2020,TRUE,0.0,
PL heat storage large tank charge hard coal 2021,PL,,heat storage large tank charge,,hard coal,hard coal,,2021,2021,TRUE,1540.0,
PL heat storage large tank charge hard coal 2022,PL,,heat storage large tank charge,,hard coal,hard coal,,2022,2022,TRUE,1510.0,
PL heat storage large tank charge hard coal 2023,PL,,heat storage large tank charge,,hard coal,hard coal,,2023,2023,TRUE,1510.0,
PL heat storage large tank charge natural gas 2020,PL,,heat storage large tank charge,,natural gas,natural gas,,2020,2020,TRUE,0.0,
PL heat storage large tank charge natural gas 2021,PL,,heat storage large tank charge,,natural gas,natural gas,,2021,2021,TRUE,220.0,
PL heat storage large tank charge natural gas 2022,PL,,heat storage large tank charge,,natural gas,natural gas,,2022,2022,TRUE,230.0,
PL heat storage large tank charge natural gas 2023,PL,,heat storage large tank charge,,natural gas,natural gas,,2023,2023,TRUE,230.0,
PL heat storage large tank charge other 2020,PL,,heat storage large tank charge,,other,other,,2020,2020,TRUE,0.0,
PL heat storage large tank charge other 2021,PL,,heat storage large tank charge,,other,other,,2021,2021,TRUE,90.0,
PL heat storage large tank charge other 2022,PL,,heat storage large tank charge,,other,other,,2022,2022,TRUE,100.0,
PL heat storage large tank charge other 2023,PL,,heat storage large tank charge,,other,other,,2023,2023,TRUE,100.0,
PL heat storage large tank discharge biomass and biogas 2020,PL,,heat storage large tank discharge,,biomass and biogas,biomass and biogas,,2020,2020,TRUE,0.0,
PL heat storage large tank discharge biomass and biogas 2021,PL,,heat storage large tank discharge,,biomass and biogas,biomass and biogas,,2021,2021,TRUE,150.0,
PL heat storage large tank discharge biomass and biogas 2022,PL,,heat storage large tank discharge,,biomass and biogas,biomass and biogas,,2022,2022,TRUE,160.0,
PL heat storage large tank discharge biomass and biogas 2023,PL,,heat storage large tank discharge,,biomass and biogas,biomass and biogas,,2023,2023,TRUE,160.0,
PL heat storage large tank discharge hard coal 2020,PL,,heat storage large tank discharge,,hard coal,hard coal,,2020,2020,TRUE,0.0,
PL heat storage large tank discharge hard coal 2021,PL,,heat storage large tank discharge,,hard coal,hard coal,,2021,2021,TRUE,1540.0,
PL heat storage large tank discharge hard coal 2022,PL,,heat storage large tank discharge,,hard coal,hard coal,,2022,2022,TRUE,1510.0,
PL heat storage large tank discharge hard coal 2023,PL,,heat storage large tank discharge,,hard coal,hard coal,,2023,2023,TRUE,1510.0,
PL heat storage large tank discharge natural gas 2020,PL,,heat storage large tank discharge,,natural gas,natural gas,,2020,2020,TRUE,0.0,
PL heat storage large tank discharge natural gas 2021,PL,,heat storage large tank discharge,,natural gas,natural gas,,2021,2021,TRUE,220.0,
PL heat storage large tank discharge natural gas 2022,PL,,heat storage large tank discharge,,natural gas,natural gas,,2022,2022,TRUE,230.0,
PL heat storage large tank discharge natural gas 2023,PL,,heat storage large tank discharge,,natural gas,natural gas,,2023,2023,TRUE,230.0,
PL heat storage large tank discharge other 2020,PL,,heat storage large tank discharge,,other,other,,2020,2020,TRUE,0.0,
PL heat storage large tank discharge other 2021,PL,,heat storage large tank discharge,,other,other,,2021,2021,TRUE,90.0,
PL heat storage large tank discharge other 2022,PL,,heat storage large tank discharge,,other,other,,2022,2022,TRUE,100.0,
PL heat storage large tank discharge other 2023,PL,,heat storage large tank discharge,,other,other,,2023,2023,TRUE,100.0,
PL hydro PSH power HMV 2020,PL,,hydro PSH power,,HMV,HMV,,2020,2020,TRUE,1790.0,
PL hydro PSH power HMV 2021,PL,,hydro PSH power,,HMV,HMV,,2021,2021,TRUE,1790.0,
PL hydro PSH power HMV 2022,PL,,hydro PSH power,,HMV,HMV,,2022,2022,TRUE,1790.0,
PL hydro PSH power HMV 2023,PL,,hydro PSH power,,HMV,HMV,,2023,2023,TRUE,1790.0,
PL hydro PSH power HMV 2024,PL,,hydro PSH power,,HMV,HMV,,2024,2024,TRUE,1790.0,
PL hydro PSH pump HMV 2020,PL,,hydro PSH pump,,HMV,HMV,,2020,2020,TRUE,1130.0,
PL hydro PSH pump HMV 2021,PL,,hydro PSH pump,,HMV,HMV,,2021,2021,TRUE,1130.0,
PL hydro PSH pump HMV 2022,PL,,hydro PSH pump,,HMV,HMV,,2022,2022,TRUE,1130.0,
PL hydro PSH pump HMV 2023,PL,,hydro PSH pump,,HMV,HMV,,2023,2023,TRUE,1130.0,
PL hydro PSH pump HMV 2024,PL,,hydro PSH pump,,HMV,HMV,,2024,2024,TRUE,1130.0,
PL hydro PSH storage HMV 2020,PL,,hydro PSH storage,,HMV,,,2020,2020,TRUE,8470.0,
PL hydro PSH storage HMV 2021,PL,,hydro PSH storage,,HMV,,,2021,2021,TRUE,8470.0,
PL hydro PSH storage HMV 2022,PL,,hydro PSH storage,,HMV,,,2022,2022,TRUE,8470.0,
PL hydro PSH storage HMV 2023,PL,,hydro PSH storage,,HMV,,,2023,2023,TRUE,8470.0,
PL hydro PSH storage HMV 2024,PL,,hydro PSH storage,,HMV,,,2024,2024,TRUE,8470.0,
PL hydro ROR HMV 2020,PL,,hydro ROR,,HMV,HMV,,2020,2020,TRUE,590.0,
PL hydro ROR HMV 2021,PL,,hydro ROR,,HMV,HMV,,2021,2021,TRUE,600.0,
PL hydro ROR HMV 2022,PL,,hydro ROR,,HMV,HMV,,2022,2022,TRUE,600.0,
PL hydro ROR HMV 2023,PL,,hydro ROR,,HMV,HMV,,2023,2023,TRUE,600.0,
PL hydro ROR HMV 2024,PL,,hydro ROR,,HMV,HMV,,2024,2024,TRUE,600.0,
PL hydrogen natural gas reforming 2020,PL,,hydrogen,,,natural gas reforming,,2020,2020,TRUE,inf,
PL hydrogen natural gas reforming 2021,PL,,hydrogen,,,natural gas reforming,,2021,2021,TRUE,inf,
PL hydrogen natural gas reforming 2022,PL,,hydrogen,,,natural gas reforming,,2022,2022,TRUE,inf,
PL hydrogen natural gas reforming 2023,PL,,hydrogen,,,natural gas reforming,,2023,2023,TRUE,inf,
PL hydrogen final use 2020,PL,,hydrogen final use,,,,,2020,2020,TRUE,inf,
PL hydrogen final use 2021,PL,,hydrogen final use,,,,,2021,2021,TRUE,inf,
PL hydrogen final use 2022,PL,,hydrogen final use,,,,,2022,2022,TRUE,inf,
PL hydrogen final use 2023,PL,,hydrogen final use,,,,,2023,2023,TRUE,inf,
PL light vehicle mobility BEV 2020,PL,,light vehicle mobility,,,BEV,,2020,2020,TRUE,inf,
PL light vehicle mobility BEV 2021,PL,,light vehicle mobility,,,BEV,,2021,2021,TRUE,inf,
PL light vehicle mobility BEV 2022,PL,,light vehicle mobility,,,BEV,,2022,2022,TRUE,inf,
PL light vehicle mobility BEV 2023,PL,,light vehicle mobility,,,BEV,,2023,2023,TRUE,inf,
PL light vehicle mobility ICE vehicle 2020,PL,,light vehicle mobility,,,ICE vehicle,,2020,2020,TRUE,inf,
PL light vehicle mobility ICE vehicle 2021,PL,,light vehicle mobility,,,ICE vehicle,,2021,2021,TRUE,inf,
PL light vehicle mobility ICE vehicle 2022,PL,,light vehicle mobility,,,ICE vehicle,,2022,2022,TRUE,inf,
PL light vehicle mobility ICE vehicle 2023,PL,,light vehicle mobility,,,ICE vehicle,,2023,2023,TRUE,inf,
PL light vehicle mobility final use 2020,PL,,light vehicle mobility final use,,,,,2020,2020,TRUE,inf,
PL light vehicle mobility final use 2021,PL,,light vehicle mobility final use,,,,,2021,2021,TRUE,inf,
PL light vehicle mobility final use 2022,PL,,light vehicle mobility final use,,,,,2022,2022,TRUE,inf,
PL light vehicle mobility final use 2023,PL,,light vehicle mobility final use,,,,,2023,2023,TRUE,inf,
PL lignite power SC public EHV 2020,PL,,lignite power SC,public,EHV,,,2020,2020,TRUE,1240.0,
PL lignite power SC public EHV 2021,PL,,lignite power SC,public,EHV,,,2021,2021,TRUE,1710.0,
PL lignite power SC public EHV 2022,PL,,lignite power SC,public,EHV,,,2022,2022,TRUE,1710.0,
PL lignite power SC public EHV 2023,PL,,lignite power SC,public,EHV,,,2023,2023,TRUE,1710.0,
PL lignite power SC public EHV 2024,PL,,lignite power SC,public,EHV,,,2024,2024,TRUE,1710.0,
PL lignite power old public EHV 2020,PL,,lignite power old,public,EHV,,,2020,2020,TRUE,6610.0,
PL lignite power old public EHV 2021,PL,,lignite power old,public,EHV,,,2021,2021,TRUE,6160.0,
PL lignite power old public EHV 2022,PL,,lignite power old,public,EHV,,,2022,2022,TRUE,5980.0,
PL lignite power old public EHV 2023,PL,,lignite power old,public,EHV,,,2023,2023,TRUE,5930.0,
PL lignite power old public EHV 2024,PL,,lignite power old,public,EHV,,,2024,2024,TRUE,5890.0,
PL lignite supply 2020,PL,,lignite supply,,,,,2020,2020,TRUE,inf,
PL lignite supply 2021,PL,,lignite supply,,,,,2021,2021,TRUE,inf,
PL lignite supply 2022,PL,,lignite supply,,,,,2022,2022,TRUE,inf,
PL lignite supply 2023,PL,,lignite supply,,,,,2023,2023,TRUE,inf,
PL lignite supply 2024,PL,,lignite supply,,,,,2024,2024,TRUE,inf,
PL natural gas CHP CCGT industrial HMV natural gas 2024,PL,,natural gas CHP CCGT,industrial,HMV,,natural gas,2024,2024,TRUE,70.0,
PL natural gas CHP CCGT public HMV natural gas 2021,PL,,natural gas CHP CCGT,public,HMV,,natural gas,2021,2021,TRUE,520.0,
PL natural gas CHP CCGT public HMV natural gas 2022,PL,,natural gas CHP CCGT,public,HMV,,natural gas,2022,2022,TRUE,520.0,
PL natural gas CHP CCGT public HMV natural gas 2023,PL,,natural gas CHP CCGT,public,HMV,,natural gas,2023,2023,TRUE,520.0,
PL natural gas CHP CCGT public HMV natural gas 2024,PL,,natural gas CHP CCGT,public,HMV,,natural gas,2024,2024,TRUE,520.0,
PL natural gas CHP CCGT old industrial HMV natural gas 2020,PL,,natural gas CHP CCGT old,industrial,HMV,,natural gas,2020,2020,TRUE,1150.0,
PL natural gas CHP CCGT old industrial HMV natural gas 2021,PL,,natural gas CHP CCGT old,industrial,HMV,,natural gas,2021,2021,TRUE,1150.0,
PL natural gas CHP CCGT old industrial HMV natural gas 2022,PL,,natural gas CHP CCGT old,industrial,HMV,,natural gas,2022,2022,TRUE,1150.0,
PL natural gas CHP CCGT old industrial HMV natural gas 2023,PL,,natural gas CHP CCGT old,industrial,HMV,,natural gas,2023,2023,TRUE,1150.0,
PL natural gas CHP CCGT old industrial HMV natural gas 2024,PL,,natural gas CHP CCGT old,industrial,HMV,,natural gas,2024,2024,TRUE,1150.0,
PL natural gas CHP CCGT old public HMV natural gas 2020,PL,,natural gas CHP CCGT old,public,HMV,,natural gas,2020,2020,TRUE,790.0,
PL natural gas CHP CCGT old public HMV natural gas 2021,PL,,natural gas CHP CCGT old,public,HMV,,natural gas,2021,2021,TRUE,790.0,
PL natural gas CHP CCGT old public HMV natural gas 2022,PL,,natural gas CHP CCGT old,public,HMV,,natural gas,2022,2022,TRUE,790.0,
PL natural gas CHP CCGT old public HMV natural gas 2023,PL,,natural gas CHP CCGT old,public,HMV,,natural gas,2023,2023,TRUE,790.0,
PL natural gas CHP CCGT old public HMV natural gas 2024,PL,,natural gas CHP CCGT old,public,HMV,,natural gas,2024,2024,TRUE,790.0,
PL natural gas CHP old industrial HMV natural gas 2020,PL,,natural gas CHP old,industrial,HMV,,natural gas,2020,2020,TRUE,280.0,
PL natural gas CHP old industrial HMV natural gas 2021,PL,,natural gas CHP old,industrial,HMV,,natural gas,2021,2021,TRUE,300.0,
PL natural gas CHP old industrial HMV natural gas 2022,PL,,natural gas CHP old,industrial,HMV,,natural gas,2022,2022,TRUE,310.0,
PL natural gas CHP old industrial HMV natural gas 2023,PL,,natural gas CHP old,industrial,HMV,,natural gas,2023,2023,TRUE,390.0,
PL natural gas CHP old industrial HMV natural gas 2024,PL,,natural gas CHP old,industrial,HMV,,natural gas,2024,2024,TRUE,360.0,
PL natural gas CHP old public HMV natural gas 2020,PL,,natural gas CHP old,public,HMV,,natural gas,2020,2020,TRUE,930.0,
PL natural gas CHP old public HMV natural gas 2021,PL,,natural gas CHP old,public,HMV,,natural gas,2021,2021,TRUE,570.0,
PL natural gas CHP old public HMV natural gas 2022,PL,,natural gas CHP old,public,HMV,,natural gas,2022,2022,TRUE,1130.0,
PL natural gas CHP old public HMV natural gas 2023,PL,,natural gas CHP old,public,HMV,,natural gas,2023,2023,TRUE,1190.0,
PL natural gas CHP old public HMV natural gas 2024,PL,,natural gas CHP old,public,HMV,,natural gas,2024,2024,TRUE,1260.0,
PL natural gas boiler natural gas new 2020,PL,,natural gas boiler,,natural gas,,,2020,,TRUE,0.0,
PL natural gas boiler natural gas new 2021,PL,,natural gas boiler,,natural gas,,,2021,,TRUE,0.0,
PL natural gas boiler natural gas new 2022,PL,,natural gas boiler,,natural gas,,,2022,,TRUE,0.0,
PL natural gas boiler natural gas new 2023,PL,,natural gas boiler,,natural gas,,,2023,,TRUE,0.0,
PL natural gas boiler natural gas 2020,PL,,natural gas boiler,,natural gas,,,2020,2020,TRUE,22510.0,
PL natural gas boiler natural gas 2021,PL,,natural gas boiler,,natural gas,,,2021,2021,TRUE,27870.0,
PL natural gas boiler natural gas 2022,PL,,natural gas boiler,,natural gas,,,2022,2022,TRUE,26540.0,
PL natural gas boiler natural gas 2023,PL,,natural gas boiler,,natural gas,,,2023,2023,TRUE,26540.0,
PL natural gas heat natural gas 2020,PL,,natural gas heat,,natural gas,,,2020,2020,TRUE,3420.0,
PL natural gas heat natural gas 2021,PL,,natural gas heat,,natural gas,,,2021,2021,TRUE,3600.0,
PL natural gas heat natural gas 2022,PL,,natural gas heat,,natural gas,,,2022,2022,TRUE,4980.0,
PL natural gas heat natural gas 2023,PL,,natural gas heat,,natural gas,,,2023,2023,TRUE,4980.0,
PL natural gas power CCGT public EHV natural gas 2024,PL,,natural gas power CCGT,public,EHV,,natural gas,2024,2024,TRUE,1370.0,
PL natural gas reforming natural gas reforming 2020,PL,,natural gas reforming,,natural gas reforming,,,2020,2020,TRUE,4200.0,
PL natural gas reforming natural gas reforming 2021,PL,,natural gas reforming,,natural gas reforming,,,2021,2021,TRUE,4200.0,
PL natural gas reforming natural gas reforming 2022,PL,,natural gas reforming,,natural gas reforming,,,2022,2022,TRUE,4200.0,
PL natural gas reforming natural gas reforming 2023,PL,,natural gas reforming,,natural gas reforming,,,2023,2023,TRUE,4200.0,
PL natural gas supply 2020,PL,,natural gas supply,,,,,2020,2020,TRUE,inf,
PL natural gas supply 2021,PL,,natural gas supply,,,,,2021,2021,TRUE,inf,
PL natural gas supply 2022,PL,,natural gas supply,,,,,2022,2022,TRUE,inf,
PL natural gas supply 2023,PL,,natural gas supply,,,,,2023,2023,TRUE,inf,
PL natural gas supply 2024,PL,,natural gas supply,,,,,2024,2024,TRUE,inf,
PL other CHP industrial HMV other 2020,PL,,other CHP,industrial,HMV,,other,2020,2020,TRUE,520.0,
PL other CHP industrial HMV other 2021,PL,,other CHP,industrial,HMV,,other,2021,2021,TRUE,520.0,
PL other CHP industrial HMV other 2022,PL,,other CHP,industrial,HMV,,other,2022,2022,TRUE,600.0,
PL other CHP industrial HMV other 2023,PL,,other CHP,industrial,HMV,,other,2023,2023,TRUE,560.0,
PL other CHP industrial HMV other 2024,PL,,other CHP,industrial,HMV,,other,2024,2024,TRUE,570.0,
PL other RES heat other RES 2020,PL,,other RES heat,,other RES,,,2020,2020,TRUE,1060.0,
PL other RES heat other RES 2021,PL,,other RES heat,,other RES,,,2021,2021,TRUE,1100.0,
PL other RES heat other RES 2022,PL,,other RES heat,,other RES,,,2022,2022,TRUE,1200.0,
PL other RES heat other RES 2023,PL,,other RES heat,,other RES,,,2023,2023,TRUE,1200.0,
PL other boiler other 2020,PL,,other boiler,,other,,,2020,2020,TRUE,1360.0,
PL other boiler other 2021,PL,,other boiler,,other,,,2021,2021,TRUE,1420.0,
PL other boiler other 2022,PL,,other boiler,,other,,,2022,2022,TRUE,1310.0,
PL other boiler other 2023,PL,,other boiler,,other,,,2023,2023,TRUE,1310.0,
PL other fuel supply 2020,PL,,other fuel supply,,,,,2020,2020,TRUE,inf,
PL other fuel supply 2021,PL,,other fuel supply,,,,,2021,2021,TRUE,inf,
PL other fuel supply 2022,PL,,other fuel supply,,,,,2022,2022,TRUE,inf,
PL other fuel supply 2023,PL,,other fuel supply,,,,,2023,2023,TRUE,inf,
PL other fuel supply 2024,PL,,other fuel supply,,,,,2024,2024,TRUE,inf,
PL other heat other 2020,PL,,other heat,,other,,,2020,2020,TRUE,540.0,
PL other heat other 2021,PL,,other heat,,other,,,2021,2021,TRUE,930.0,
PL other heat other 2022,PL,,other heat,,other,,,2022,2022,TRUE,880.0,
PL other heat other 2023,PL,,other heat,,other,,,2023,2023,TRUE,880.0,
PL other heating final use 2020,PL,,other heating final use,,,,,2020,2020,TRUE,inf,
PL other heating final use 2021,PL,,other heating final use,,,,,2021,2021,TRUE,inf,
PL other heating final use 2022,PL,,other heating final use,,,,,2022,2022,TRUE,inf,
PL other heating final use 2023,PL,,other heating final use,,,,,2023,2023,TRUE,inf,
PL resistive heater small heat pump LV 2020,PL,,resistive heater small,,heat pump,LV,,2020,2020,TRUE,2970.0,
PL resistive heater small heat pump LV 2021,PL,,resistive heater small,,heat pump,LV,,2021,2021,TRUE,3690.0,
PL resistive heater small heat pump LV 2022,PL,,resistive heater small,,heat pump,LV,,2022,2022,TRUE,5170.0,
PL resistive heater small heat pump LV 2023,PL,,resistive heater small,,heat pump,LV,,2023,2023,TRUE,5170.0,
PL resistive heater small resistive heater LV 2020,PL,,resistive heater small,,resistive heater,LV,,2020,2020,TRUE,3910.0,
PL resistive heater small resistive heater LV 2021,PL,,resistive heater small,,resistive heater,LV,,2021,2021,TRUE,3920.0,
PL resistive heater small resistive heater LV 2022,PL,,resistive heater small,,resistive heater,LV,,2022,2022,TRUE,3480.0,
PL resistive heater small resistive heater LV 2023,PL,,resistive heater small,,resistive heater,LV,,2023,2023,TRUE,3480.0,
PL solar PV ground HMV vRES 2020,PL,,solar PV ground,,HMV vRES,,,2020,2020,TRUE,1230.0,
PL solar PV ground HMV vRES 2021,PL,,solar PV ground,,HMV vRES,,,2021,2021,TRUE,1810.0,
PL solar PV ground HMV vRES 2022,PL,,solar PV ground,,HMV vRES,,,2022,2022,TRUE,3390.0,
PL solar PV ground HMV vRES 2023,PL,,solar PV ground,,HMV vRES,,,2023,2023,TRUE,6060.0,
PL solar PV ground HMV vRES 2024,PL,,solar PV ground,,HMV vRES,,,2024,2024,TRUE,9100.0,
PL solar PV roof LV 2020,PL,,solar PV roof,,LV,,,2020,2020,TRUE,2730.0,
PL solar PV roof LV 2021,PL,,solar PV roof,,LV,,,2021,2021,TRUE,5870.0,
PL solar PV roof LV 2022,PL,,solar PV roof,,LV,,,2022,2022,TRUE,8790.0,
PL solar PV roof LV 2023,PL,,solar PV roof,,LV,,,2023,2023,TRUE,10690.0,
PL solar PV roof LV 2024,PL,,solar PV roof,,LV,,,2024,2024,TRUE,12050.0,
PL space heating final use 2020,PL,,space heating final use,,,,,2020,2020,TRUE,inf,
PL space heating final use 2021,PL,,space heating final use,,,,,2021,2021,TRUE,inf,
PL space heating final use 2022,PL,,space heating final use,,,,,2022,2022,TRUE,inf,
PL space heating final use 2023,PL,,space heating final use,,,,,2023,2023,TRUE,inf,
PL transformation EHV-HMV HMV EHV 2020,PL,,transformation EHV-HMV,,HMV,EHV,,2020,2020,TRUE,inf,
PL transformation EHV-HMV HMV EHV 2021,PL,,transformation EHV-HMV,,HMV,EHV,,2021,2021,TRUE,inf,
PL transformation EHV-HMV HMV EHV 2022,PL,,transformation EHV-HMV,,HMV,EHV,,2022,2022,TRUE,inf,
PL transformation EHV-HMV HMV EHV 2023,PL,,transformation EHV-HMV,,HMV,EHV,,2023,2023,TRUE,inf,
PL transformation EHV-HMV HMV EHV 2024,PL,,transformation EHV-HMV,,HMV,EHV,,2024,2024,TRUE,inf,
PL transformation HMV-EHV EHV HMV 2020,PL,,transformation HMV-EHV,,EHV,HMV,,2020,2020,TRUE,inf,
PL transformation HMV-EHV EHV HMV 2021,PL,,transformation HMV-EHV,,EHV,HMV,,2021,2021,TRUE,inf,
PL transformation HMV-EHV EHV HMV 2022,PL,,transformation HMV-EHV,,EHV,HMV,,2022,2022,TRUE,inf,
PL transformation HMV-EHV EHV HMV 2023,PL,,transformation HMV-EHV,,EHV,HMV,,2023,2023,TRUE,inf,
PL transformation HMV-EHV EHV HMV 2024,PL,,transformation HMV-EHV,,EHV,HMV,,2024,2024,TRUE,inf,
PL transformation HMV-LV LV HMV 2020,PL,,transformation HMV-LV,,LV,HMV,,2020,2020,TRUE,inf,
PL transformation HMV-LV LV HMV 2021,PL,,transformation HMV-LV,,LV,HMV,,2021,2021,TRUE,inf,
PL transformation HMV-LV LV HMV 2022,PL,,transformation HMV-LV,,LV,HMV,,2022,2022,TRUE,inf,
PL transformation HMV-LV LV HMV 2023,PL,,transformation HMV-LV,,LV,HMV,,2023,2023,TRUE,inf,
PL transformation HMV-LV LV HMV 2024,PL,,transformation HMV-LV,,LV,HMV,,2024,2024,TRUE,inf,
PL transformation LV-HMV HMV LV 2020,PL,,transformation LV-HMV,,HMV,LV,,2020,2020,TRUE,inf,
PL transformation LV-HMV HMV LV 2021,PL,,transformation LV-HMV,,HMV,LV,,2021,2021,TRUE,inf,
PL transformation LV-HMV HMV LV 2022,PL,,transformation LV-HMV,,HMV,LV,,2022,2022,TRUE,inf,
PL transformation LV-HMV HMV LV 2023,PL,,transformation LV-HMV,,HMV,LV,,2023,2023,TRUE,inf,
PL transformation LV-HMV HMV LV 2024,PL,,transformation LV-HMV,,HMV,LV,,2024,2024,TRUE,inf,
PL water heating final use 2020,PL,,water heating final use,,,,,2020,2020,TRUE,inf,
PL water heating final use 2021,PL,,water heating final use,,,,,2021,2021,TRUE,inf,
PL water heating final use 2022,PL,,water heating final use,,,,,2022,2022,TRUE,inf,
PL water heating final use 2023,PL,,water heating final use,,,,,2023,2023,TRUE,inf,
PL wind onshore HMV vRES 2021,PL,,wind onshore,,HMV vRES,,,2021,2021,TRUE,810.0,
PL wind onshore HMV vRES 2022,PL,,wind onshore,,HMV vRES,,,2022,2022,TRUE,1870.0,
PL wind onshore HMV vRES 2023,PL,,wind onshore,,HMV vRES,,,2023,2023,TRUE,3040.0,
PL wind onshore HMV vRES 2024,PL,,wind onshore,,HMV vRES,,,2024,2024,TRUE,3760.0,
PL wind onshore old HMV vRES 2020,PL,,wind onshore old,,HMV vRES,,,2020,2020,TRUE,6380.0,
PL wind onshore old HMV vRES 2021,PL,,wind onshore old,,HMV vRES,,,2021,2021,TRUE,6380.0,
PL wind onshore old HMV vRES 2022,PL,,wind onshore old,,HMV vRES,,,2022,2022,TRUE,6380.0,
PL wind onshore old HMV vRES 2023,PL,,wind onshore old,,HMV vRES,,,2023,2023,TRUE,6380.0,
PL wind onshore old HMV vRES 2024,PL,,wind onshore old,,HMV vRES,,,2024,2024,TRUE,6380.0,
