hour,CZ,DE,LT,PL,PL dolnośląskie,PL kujawsko-pomorskie,PL lubelskie,PL lubuskie,PL łódzkie,PL małopolskie,PL mazowieckie,PL opolskie,PL podkarpackie,PL podlaskie,PL pomorskie,PL śląskie,PL świętokrzyskie,PL warmińsko-mazurskie,PL wielkopolskie,PL zachodniopomorskie,SE,SK
2015-02-26 00:00:00,0.0,0.0,0.0,0.0,0.0,0.0,0.0,0.0,0.0,0.0,0.0,0.0,0.0,0.0,0.0,0.0,0.0,0.0,0.0,0.0,0.0,0.0
2015-02-26 01:00:00,0.0,0.0,0.0,0.0,0.0,0.0,0.0,0.0,0.0,0.0,0.0,0.0,0.0,0.0,0.0,0.0,0.0,0.0,0.0,0.0,0.0,0.0
2015-02-26 02:00:00,0.0,0.0,0.0,0.0,0.0,0.0,0.0,0.0,0.0,0.0,0.0,0.0,0.0,0.0,0.0,0.0,0.0,0.0,0.0,0.0,0.0,0.0
2015-02-26 03:00:00,0.0,0.0,0.0,0.0,0.0,0.0,0.0,0.0,0.0,0.0,0.0,0.0,0.0,0.0,0.0,0.0,0.0,0.0,0.0,0.0,0.0,0.0
2015-02-26 04:00:00,0.0,0.0,0.0,0.0,0.0,0.0,0.0,0.0,0.0,0.0,0.0,0.0,0.0,0.0,0.0,0.0,0.0,0.0,0.0,0.0,0.0,0.0
2015-02-26 05:00:00,0.0,0.0,0.0,0.0,0.0,0.0,0.0,0.0,0.0,0.0,0.0,0.0,0.0,0.0,0.0,0.0,0.0,0.0,0.0,0.0,0.0,0.0
2015-02-26 06:00:00,0.0,0.0,0.0,0.0,0.0,0.0,0.0,0.0,0.0,0.0,0.0,0.0,0.0,0.0,0.0,0.0,0.0,0.0,0.0,0.0,0.0,0.0
2015-02-26 07:00:00,0.0,0.0,0.007,0.052,0.066,0.054,0.016,0.091,0.018,0.012,0.015,0.018,0.013,0.044,0.048,0.009,0.014,0.063,0.076,0.04,0.0,0.004
2015-02-26 08:00:00,0.108,0.041,0.074,0.152,0.228,0.141,0.058,0.276,0.033,0.038,0.047,0.054,0.029,0.112,0.139,0.034,0.047,0.189,0.199,0.161,0.036,0.051
2015-02-26 09:00:00,0.247,0.139,0.159,0.255,0.365,0.25,0.114,0.462,0.055,0.115,0.129,0.091,0.066,0.23,0.213,0.069,0.121,0.284,0.32,0.274,0.113,0.129
2015-02-26 10:00:00,0.368,0.251,0.218,0.329,0.513,0.302,0.139,0.589,0.075,0.166,0.171,0.173,0.076,0.213,0.284,0.091,0.106,0.374,0.408,0.383,0.193,0.198
2015-02-26 11:00:00,0.409,0.344,0.229,0.376,0.569,0.411,0.174,0.657,0.094,0.18,0.191,0.266,0.084,0.151,0.339,0.106,0.122,0.348,0.481,0.462,0.25,0.247
2015-02-26 12:00:00,0.351,0.396,0.226,0.336,0.346,0.346,0.137,0.635,0.137,0.159,0.168,0.132,0.084,0.105,0.359,0.116,0.139,0.288,0.41,0.531,0.276,0.249
2015-02-26 13:00:00,0.283,0.388,0.217,0.263,0.271,0.318,0.119,0.465,0.124,0.13,0.144,0.118,0.073,0.089,0.297,0.097,0.151,0.236,0.258,0.515,0.277,0.198
2015-02-26 14:00:00,0.238,0.331,0.18,0.18,0.142,0.154,0.06,0.33,0.08,0.098,0.116,0.071,0.034,0.074,0.246,0.059,0.095,0.195,0.146,0.434,0.242,0.153
2015-02-26 15:00:00,0.171,0.246,0.111,0.105,0.064,0.084,0.033,0.238,0.038,0.043,0.063,0.028,0.012,0.03,0.109,0.039,0.044,0.094,0.081,0.297,0.178,0.093
2015-02-26 16:00:00,0.095,0.148,0.036,0.037,0.016,0.015,0.004,0.089,0.008,0.014,0.019,0.006,0.001,0.002,0.039,0.008,0.01,0.035,0.028,0.127,0.095,0.035
2015-02-26 17:00:00,0.028,0.055,0.0,0.0,0.0,0.0,0.0,0.0,0.0,0.0,0.0,0.0,0.0,0.0,0.0,0.0,0.0,0.0,0.0,0.0,0.01,0.0
2015-02-26 18:00:00,0.0,0.0,0.0,0.0,0.0,0.0,0.0,0.0,0.0,0.0,0.0,0.0,0.0,0.0,0.0,0.0,0.0,0.0,0.0,0.0,0.0,0.0
2015-02-26 19:00:00,0.0,0.0,0.0,0.0,0.0,0.0,0.0,0.0,0.0,0.0,0.0,0.0,0.0,0.0,0.0,0.0,0.0,0.0,0.0,0.0,0.0,0.0
2015-02-26 20:00:00,0.0,0.0,0.0,0.0,0.0,0.0,0.0,0.0,0.0,0.0,0.0,0.0,0.0,0.0,0.0,0.0,0.0,0.0,0.0,0.0,0.0,0.0
2015-02-26 21:00:00,0.0,0.0,0.0,0.0,0.0,0.0,0.0,0.0,0.0,0.0,0.0,0.0,0.0,0.0,0.0,0.0,0.0,0.0,0.0,0.0,0.0,0.0
2015-02-26 22:00:00,0.0,0.0,0.0,0.0,0.0,0.0,0.0,0.0,0.0,0.0,0.0,0.0,0.0,0.0,0.0,0.0,0.0,0.0,0.0,0.0,0.0,0.0
2015-02-26 23:00:00,0.0,0.0,0.0,0.0,0.0,0.0,0.0,0.0,0.0,0.0,0.0,0.0,0.0,0.0,0.0,0.0,0.0,0.0,0.0,0.0,0.0,0.0
2015-02-27 00:00:00,0.0,0.0,0.0,0.0,0.0,0.0,0.0,0.0,0.0,0.0,0.0,0.0,0.0,0.0,0.0,0.0,0.0,0.0,0.0,0.0,0.0,0.0
2015-02-27 01:00:00,0.0,0.0,0.0,0.0,0.0,0.0,0.0,0.0,0.0,0.0,0.0,0.0,0.0,0.0,0.0,0.0,0.0,0.0,0.0,0.0,0.0,0.0
2015-02-27 02:00:00,0.0,0.0,0.0,0.0,0.0,0.0,0.0,0.0,0.0,0.0,0.0,0.0,0.0,0.0,0.0,0.0,0.0,0.0,0.0,0.0,0.0,0.0
2015-02-27 03:00:00,0.0,0.0,0.0,0.0,0.0,0.0,0.0,0.0,0.0,0.0,0.0,0.0,0.0,0.0,0.0,0.0,0.0,0.0,0.0,0.0,0.0,0.0
2015-02-27 04:00:00,0.0,0.0,0.0,0.0,0.0,0.0,0.0,0.0,0.0,0.0,0.0,0.0,0.0,0.0,0.0,0.0,0.0,0.0,0.0,0.0,0.0,0.0
2015-02-27 05:00:00,0.0,0.0,0.0,0.0,0.0,0.0,0.0,0.0,0.0,0.0,0.0,0.0,0.0,0.0,0.0,0.0,0.0,0.0,0.0,0.0,0.0,0.0
2015-02-27 06:00:00,0.0,0.0,0.0,0.0,0.0,0.0,0.0,0.0,0.0,0.0,0.0,0.0,0.0,0.0,0.0,0.0,0.0,0.0,0.0,0.0,0.0,0.0
2015-02-27 07:00:00,0.0,0.0,0.0,0.029,0.034,0.012,0.016,0.059,0.036,0.019,0.022,0.03,0.008,0.016,0.058,0.049,0.018,0.016,0.018,0.042,0.0,0.0
2015-02-27 08:00:00,0.102,0.034,0.03,0.087,0.111,0.053,0.054,0.173,0.091,0.057,0.058,0.061,0.018,0.053,0.133,0.096,0.049,0.047,0.066,0.143,0.029,0.029
2015-02-27 09:00:00,0.224,0.104,0.059,0.149,0.136,0.1,0.102,0.278,0.172,0.152,0.125,0.077,0.044,0.125,0.206,0.158,0.085,0.103,0.127,0.219,0.08,0.073
2015-02-27 10:00:00,0.33,0.175,0.084,0.179,0.14,0.13,0.115,0.352,0.141,0.174,0.111,0.092,0.052,0.135,0.233,0.127,0.09,0.13,0.168,0.298,0.13,0.112
2015-02-27 11:00:00,0.416,0.225,0.114,0.197,0.131,0.159,0.112,0.433,0.124,0.224,0.13,0.118,0.082,0.159,0.31,0.161,0.103,0.156,0.127,0.378,0.171,0.145
2015-02-27 12:00:00,0.422,0.247,0.132,0.159,0.105,0.127,0.112,0.231,0.097,0.201,0.129,0.207,0.159,0.124,0.22,0.19,0.101,0.152,0.101,0.328,0.197,0.14
2015-02-27 13:00:00,0.383,0.243,0.123,0.123,0.131,0.125,0.069,0.132,0.121,0.145,0.084,0.188,0.159,0.12,0.158,0.145,0.11,0.101,0.093,0.195,0.195,0.133
2015-02-27 14:00:00,0.351,0.21,0.093,0.087,0.097,0.071,0.048,0.087,0.08,0.084,0.063,0.156,0.115,0.065,0.14,0.11,0.068,0.067,0.075,0.12,0.168,0.143
2015-02-27 15:00:00,0.275,0.157,0.052,0.043,0.068,0.022,0.021,0.037,0.032,0.052,0.028,0.049,0.059,0.026,0.055,0.043,0.019,0.031,0.048,0.064,0.116,0.117
2015-02-27 16:00:00,0.158,0.091,0.013,0.014,0.042,0.007,0.002,0.019,0.008,0.014,0.005,0.032,0.015,0.002,0.016,0.014,0.004,0.005,0.012,0.021,0.055,0.06
2015-02-27 17:00:00,0.047,0.029,0.0,0.0,0.0,0.0,0.0,0.0,0.0,0.0,0.0,0.0,0.0,0.0,0.0,0.0,0.0,0.0,0.0,0.0,0.008,0.004
2015-02-27 18:00:00,0.0,0.0,0.0,0.0,0.0,0.0,0.0,0.0,0.0,0.0,0.0,0.0,0.0,0.0,0.0,0.0,0.0,0.0,0.0,0.0,0.0,0.0
2015-02-27 19:00:00,0.0,0.0,0.0,0.0,0.0,0.0,0.0,0.0,0.0,0.0,0.0,0.0,0.0,0.0,0.0,0.0,0.0,0.0,0.0,0.0,0.0,0.0
2015-02-27 20:00:00,0.0,0.0,0.0,0.0,0.0,0.0,0.0,0.0,0.0,0.0,0.0,0.0,0.0,0.0,0.0,0.0,0.0,0.0,0.0,0.0,0.0,0.0
2015-02-27 21:00:00,0.0,0.0,0.0,0.0,0.0,0.0,0.0,0.0,0.0,0.0,0.0,0.0,0.0,0.0,0.0,0.0,0.0,0.0,0.0,0.0,0.0,0.0
2015-02-27 22:00:00,0.0,0.0,0.0,0.0,0.0,0.0,0.0,0.0,0.0,0.0,0.0,0.0,0.0,0.0,0.0,0.0,0.0,0.0,0.0,0.0,0.0,0.0
2015-02-27 23:00:00,0.0,0.0,0.0,0.0,0.0,0.0,0.0,0.0,0.0,0.0,0.0,0.0,0.0,0.0,0.0,0.0,0.0,0.0,0.0,0.0,0.0,0.0
2015-02-28 00:00:00,0.0,0.0,0.0,0.0,0.0,0.0,0.0,0.0,0.0,0.0,0.0,0.0,0.0,0.0,0.0,0.0,0.0,0.0,0.0,0.0,0.0,0.0
2015-02-28 01:00:00,0.0,0.0,0.0,0.0,0.0,0.0,0.0,0.0,0.0,0.0,0.0,0.0,0.0,0.0,0.0,0.0,0.0,0.0,0.0,0.0,0.0,0.0
2015-02-28 02:00:00,0.0,0.0,0.0,0.0,0.0,0.0,0.0,0.0,0.0,0.0,0.0,0.0,0.0,0.0,0.0,0.0,0.0,0.0,0.0,0.0,0.0,0.0
2015-02-28 03:00:00,0.0,0.0,0.0,0.0,0.0,0.0,0.0,0.0,0.0,0.0,0.0,0.0,0.0,0.0,0.0,0.0,0.0,0.0,0.0,0.0,0.0,0.0
2015-02-28 04:00:00,0.0,0.0,0.0,0.0,0.0,0.0,0.0,0.0,0.0,0.0,0.0,0.0,0.0,0.0,0.0,0.0,0.0,0.0,0.0,0.0,0.0,0.0
2015-02-28 05:00:00,0.0,0.0,0.0,0.0,0.0,0.0,0.0,0.0,0.0,0.0,0.0,0.0,0.0,0.0,0.0,0.0,0.0,0.0,0.0,0.0,0.0,0.0
2015-02-28 06:00:00,0.0,0.0,0.0,0.0,0.0,0.0,0.003,0.0,0.0,0.0,0.0,0.0,0.007,0.0,0.0,0.0,0.0,0.0,0.0,0.0,0.0,0.0
2015-02-28 07:00:00,0.0,0.0,0.004,0.037,0.033,0.048,0.031,0.007,0.045,0.01,0.053,0.03,0.035,0.067,0.022,0.014,0.028,0.035,0.054,0.02,0.0,0.012
2015-02-28 08:00:00,0.06,0.032,0.036,0.101,0.127,0.1,0.108,0.035,0.089,0.047,0.13,0.124,0.093,0.15,0.106,0.069,0.081,0.092,0.122,0.076,0.026,0.07
2015-02-28 09:00:00,0.131,0.112,0.065,0.175,0.177,0.232,0.184,0.062,0.193,0.084,0.213,0.208,0.188,0.239,0.198,0.142,0.164,0.17,0.2,0.128,0.085,0.158
2015-02-28 10:00:00,0.208,0.199,0.097,0.239,0.304,0.267,0.195,0.16,0.263,0.199,0.23,0.355,0.238,0.232,0.24,0.258,0.209,0.226,0.281,0.168,0.159,0.251
2015-02-28 11:00:00,0.298,0.259,0.12,0.263,0.295,0.417,0.219,0.248,0.396,0.212,0.264,0.414,0.26,0.168,0.243,0.325,0.29,0.204,0.279,0.148,0.214,0.318
2015-02-28 12:00:00,0.314,0.286,0.114,0.261,0.301,0.312,0.23,0.331,0.433,0.231,0.267,0.429,0.244,0.126,0.316,0.329,0.307,0.157,0.244,0.165,0.222,0.308
2015-02-28 13:00:00,0.279,0.283,0.109,0.24,0.273,0.314,0.259,0.296,0.416,0.168,0.235,0.377,0.223,0.094,0.344,0.313,0.309,0.156,0.208,0.127,0.228,0.265
2015-02-28 14:00:00,0.239,0.255,0.091,0.186,0.253,0.261,0.176,0.264,0.258,0.119,0.188,0.289,0.169,0.071,0.255,0.236,0.211,0.135,0.142,0.117,0.21,0.22
2015-02-28 15:00:00,0.184,0.209,0.052,0.104,0.115,0.17,0.108,0.121,0.142,0.061,0.098,0.199,0.068,0.031,0.135,0.164,0.098,0.075,0.092,0.071,0.145,0.137
2015-02-28 16:00:00,0.107,0.142,0.018,0.039,0.073,0.031,0.041,0.047,0.052,0.018,0.038,0.072,0.027,0.014,0.037,0.057,0.041,0.031,0.028,0.045,0.072,0.062
2015-02-28 17:00:00,0.023,0.058,0.0,0.0,0.0,0.0,0.0,0.0,0.0,0.0,0.0,0.0,0.0,0.0,0.0,0.0,0.0,0.0,0.0,0.0,0.006,0.006
2015-02-28 18:00:00,0.0,0.0,0.0,0.0,0.0,0.0,0.0,0.0,0.0,0.0,0.0,0.0,0.0,0.0,0.0,0.0,0.0,0.0,0.0,0.0,0.0,0.0
2015-02-28 19:00:00,0.0,0.0,0.0,0.0,0.0,0.0,0.0,0.0,0.0,0.0,0.0,0.0,0.0,0.0,0.0,0.0,0.0,0.0,0.0,0.0,0.0,0.0
2015-02-28 20:00:00,0.0,0.0,0.0,0.0,0.0,0.0,0.0,0.0,0.0,0.0,0.0,0.0,0.0,0.0,0.0,0.0,0.0,0.0,0.0,0.0,0.0,0.0
2015-02-28 21:00:00,0.0,0.0,0.0,0.0,0.0,0.0,0.0,0.0,0.0,0.0,0.0,0.0,0.0,0.0,0.0,0.0,0.0,0.0,0.0,0.0,0.0,0.0
2015-02-28 22:00:00,0.0,0.0,0.0,0.0,0.0,0.0,0.0,0.0,0.0,0.0,0.0,0.0,0.0,0.0,0.0,0.0,0.0,0.0,0.0,0.0,0.0,0.0
2015-02-28 23:00:00,0.0,0.0,0.0,0.0,0.0,0.0,0.0,0.0,0.0,0.0,0.0,0.0,0.0,0.0,0.0,0.0,0.0,0.0,0.0,0.0,0.0,0.0
2015-03-01 00:00:00,0.0,0.0,0.0,0.0,0.0,0.0,0.0,0.0,0.0,0.0,0.0,0.0,0.0,0.0,0.0,0.0,0.0,0.0,0.0,0.0,0.0,0.0
2015-03-01 01:00:00,0.0,0.0,0.0,0.0,0.0,0.0,0.0,0.0,0.0,0.0,0.0,0.0,0.0,0.0,0.0,0.0,0.0,0.0,0.0,0.0,0.0,0.0
2015-03-01 02:00:00,0.0,0.0,0.0,0.0,0.0,0.0,0.0,0.0,0.0,0.0,0.0,0.0,0.0,0.0,0.0,0.0,0.0,0.0,0.0,0.0,0.0,0.0
2015-03-01 03:00:00,0.0,0.0,0.0,0.0,0.0,0.0,0.0,0.0,0.0,0.0,0.0,0.0,0.0,0.0,0.0,0.0,0.0,0.0,0.0,0.0,0.0,0.0
2015-03-01 04:00:00,0.0,0.0,0.0,0.0,0.0,0.0,0.0,0.0,0.0,0.0,0.0,0.0,0.0,0.0,0.0,0.0,0.0,0.0,0.0,0.0,0.0,0.0
2015-03-01 05:00:00,0.0,0.0,0.0,0.0,0.0,0.0,0.0,0.0,0.0,0.0,0.0,0.0,0.0,0.0,0.0,0.0,0.0,0.0,0.0,0.0,0.0,0.0
2015-03-01 06:00:00,0.0,0.0,0.0,0.001,0.0,0.0,0.006,0.0,0.0,0.0,0.0,0.0,0.003,0.002,0.0,0.0,0.0,0.0,0.0,0.0,0.0,0.0
2015-03-01 07:00:00,0.005,0.0,0.003,0.079,0.096,0.103,0.031,0.044,0.11,0.045,0.072,0.128,0.054,0.052,0.105,0.056,0.038,0.075,0.107,0.048,0.0,0.029
2015-03-01 08:00:00,0.108,0.011,0.038,0.22,0.263,0.296,0.107,0.162,0.228,0.137,0.191,0.333,0.143,0.14,0.291,0.219,0.118,0.211,0.291,0.145,0.017,0.127
2015-03-01 09:00:00,0.205,0.034,0.1,0.352,0.383,0.453,0.198,0.294,0.304,0.319,0.267,0.505,0.254,0.259,0.427,0.394,0.211,0.389,0.442,0.26,0.053,0.268
2015-03-01 10:00:00,0.274,0.06,0.163,0.452,0.473,0.57,0.309,0.38,0.389,0.505,0.401,0.599,0.413,0.387,0.507,0.501,0.364,0.567,0.522,0.293,0.08,0.388
2015-03-01 11:00:00,0.298,0.079,0.21,0.466,0.473,0.621,0.404,0.29,0.385,0.508,0.449,0.549,0.346,0.38,0.574,0.509,0.436,0.642,0.544,0.276,0.086,0.4
2015-03-01 12:00:00,0.284,0.1,0.242,0.405,0.375,0.557,0.402,0.183,0.338,0.405,0.375,0.476,0.371,0.346,0.524,0.399,0.531,0.626,0.475,0.178,0.072,0.312
2015-03-01 13:00:00,0.23,0.132,0.252,0.261,0.21,0.251,0.367,0.094,0.246,0.371,0.279,0.387,0.27,0.291,0.312,0.296,0.367,0.467,0.269,0.093,0.054,0.226
2015-03-01 14:00:00,0.147,0.144,0.247,0.163,0.098,0.138,0.279,0.046,0.254,0.263,0.291,0.241,0.247,0.25,0.157,0.178,0.328,0.244,0.125,0.043,0.044,0.159
2015-03-01 15:00:00,0.09,0.121,0.189,0.088,0.039,0.09,0.16,0.027,0.154,0.196,0.174,0.091,0.182,0.147,0.071,0.139,0.187,0.113,0.056,0.022,0.031,0.103
2015-03-01 16:00:00,0.047,0.079,0.081,0.026,0.016,0.018,0.052,0.016,0.031,0.045,0.051,0.022,0.067,0.045,0.017,0.03,0.058,0.043,0.012,0.011,0.014,0.055
2015-03-01 17:00:00,0.009,0.028,0.0,0.0,0.0,0.0,0.0,0.0,0.0,0.0,0.0,0.0,0.0,0.0,0.0,0.0,0.0,0.0,0.0,0.0,0.002,0.005
2015-03-01 18:00:00,0.0,0.0,0.0,0.0,0.0,0.0,0.0,0.0,0.0,0.0,0.0,0.0,0.0,0.0,0.0,0.0,0.0,0.0,0.0,0.0,0.0,0.0
2015-03-01 19:00:00,0.0,0.0,0.0,0.0,0.0,0.0,0.0,0.0,0.0,0.0,0.0,0.0,0.0,0.0,0.0,0.0,0.0,0.0,0.0,0.0,0.0,0.0
2015-03-01 20:00:00,0.0,0.0,0.0,0.0,0.0,0.0,0.0,0.0,0.0,0.0,0.0,0.0,0.0,0.0,0.0,0.0,0.0,0.0,0.0,0.0,0.0,0.0
2015-03-01 21:00:00,0.0,0.0,0.0,0.0,0.0,0.0,0.0,0.0,0.0,0.0,0.0,0.0,0.0,0.0,0.0,0.0,0.0,0.0,0.0,0.0,0.0,0.0
2015-03-01 22:00:00,0.0,0.0,0.0,0.0,0.0,0.0,0.0,0.0,0.0,0.0,0.0,0.0,0.0,0.0,0.0,0.0,0.0,0.0,0.0,0.0,0.0,0.0
2015-03-01 23:00:00,0.0,0.0,0.0,0.0,0.0,0.0,0.0,0.0,0.0,0.0,0.0,0.0,0.0,0.0,0.0,0.0,0.0,0.0,0.0,0.0,0.0,0.0
2015-03-02 00:00:00,0.0,0.0,0.0,0.0,0.0,0.0,0.0,0.0,0.0,0.0,0.0,0.0,0.0,0.0,0.0,0.0,0.0,0.0,0.0,0.0,0.0,0.0
2015-03-02 01:00:00,0.0,0.0,0.0,0.0,0.0,0.0,0.0,0.0,0.0,0.0,0.0,0.0,0.0,0.0,0.0,0.0,0.0,0.0,0.0,0.0,0.0,0.0
2015-03-02 02:00:00,0.0,0.0,0.0,0.0,0.0,0.0,0.0,0.0,0.0,0.0,0.0,0.0,0.0,0.0,0.0,0.0,0.0,0.0,0.0,0.0,0.0,0.0
2015-03-02 03:00:00,0.0,0.0,0.0,0.0,0.0,0.0,0.0,0.0,0.0,0.0,0.0,0.0,0.0,0.0,0.0,0.0,0.0,0.0,0.0,0.0,0.0,0.0
2015-03-02 04:00:00,0.0,0.0,0.0,0.0,0.0,0.0,0.0,0.0,0.0,0.0,0.0,0.0,0.0,0.0,0.0,0.0,0.0,0.0,0.0,0.0,0.0,0.0
2015-03-02 05:00:00,0.0,0.0,0.0,0.0,0.0,0.0,0.0,0.0,0.0,0.0,0.0,0.0,0.0,0.0,0.0,0.0,0.0,0.0,0.0,0.0,0.0,0.0
2015-03-02 06:00:00,0.0,0.0,0.0,0.002,0.0,0.0,0.015,0.0,0.0,0.001,0.002,0.0,0.02,0.0,0.0,0.0,0.013,0.0,0.0,0.0,0.0,0.0
2015-03-02 07:00:00,0.002,0.0,0.0,0.071,0.032,0.069,0.15,0.026,0.086,0.107,0.108,0.043,0.118,0.072,0.087,0.05,0.132,0.042,0.078,0.039,0.0,0.015
2015-03-02 08:00:00,0.056,0.03,0.022,0.162,0.055,0.234,0.358,0.05,0.184,0.185,0.184,0.095,0.258,0.18,0.194,0.091,0.255,0.102,0.189,0.098,0.03,0.059
2015-03-02 09:00:00,0.193,0.104,0.051,0.218,0.075,0.334,0.498,0.121,0.245,0.245,0.256,0.125,0.409,0.188,0.294,0.143,0.281,0.174,0.22,0.106,0.084,0.134
2015-03-02 10:00:00,0.324,0.191,0.076,0.261,0.256,0.326,0.532,0.329,0.281,0.251,0.364,0.118,0.479,0.244,0.312,0.135,0.223,0.194,0.19,0.143,0.136,0.216
2015-03-02 11:00:00,0.383,0.267,0.101,0.3,0.566,0.22,0.449,0.576,0.115,0.172,0.319,0.288,0.41,0.328,0.26,0.103,0.118,0.283,0.187,0.255,0.179,0.26
2015-03-02 12:00:00,0.434,0.315,0.131,0.309,0.59,0.071,0.281,0.594,0.064,0.253,0.167,0.507,0.187,0.252,0.16,0.23,0.063,0.25,0.319,0.399,0.195,0.29
2015-03-02 13:00:00,0.402,0.323,0.178,0.325,0.575,0.108,0.11,0.574,0.143,0.434,0.065,0.577,0.073,0.121,0.095,0.416,0.081,0.26,0.472,0.355,0.175,0.251
2015-03-02 14:00:00,0.319,0.292,0.198,0.283,0.49,0.289,0.033,0.454,0.24,0.344,0.035,0.421,0.094,0.08,0.088,0.397,0.16,0.114,0.427,0.285,0.138,0.148
2015-03-02 15:00:00,0.238,0.229,0.139,0.196,0.337,0.23,0.021,0.319,0.227,0.142,0.049,0.299,0.096,0.02,0.065,0.199,0.202,0.042,0.302,0.163,0.1,0.075
2015-03-02 16:00:00,0.15,0.142,0.059,0.076,0.134,0.074,0.018,0.129,0.095,0.04,0.033,0.111,0.055,0.0,0.053,0.07,0.07,0.007,0.11,0.061,0.057,0.033
2015-03-02 17:00:00,0.055,0.053,0.0,0.0,0.0,0.0,0.0,0.0,0.0,0.0,0.0,0.0,0.0,0.0,0.0,0.0,0.0,0.0,0.0,0.0,0.003,0.006
2015-03-02 18:00:00,0.0,0.0,0.0,0.0,0.0,0.0,0.0,0.0,0.0,0.0,0.0,0.0,0.0,0.0,0.0,0.0,0.0,0.0,0.0,0.0,0.0,0.0
2015-03-02 19:00:00,0.0,0.0,0.0,0.0,0.0,0.0,0.0,0.0,0.0,0.0,0.0,0.0,0.0,0.0,0.0,0.0,0.0,0.0,0.0,0.0,0.0,0.0
2015-03-02 20:00:00,0.0,0.0,0.0,0.0,0.0,0.0,0.0,0.0,0.0,0.0,0.0,0.0,0.0,0.0,0.0,0.0,0.0,0.0,0.0,0.0,0.0,0.0
2015-03-02 21:00:00,0.0,0.0,0.0,0.0,0.0,0.0,0.0,0.0,0.0,0.0,0.0,0.0,0.0,0.0,0.0,0.0,0.0,0.0,0.0,0.0,0.0,0.0
2015-03-02 22:00:00,0.0,0.0,0.0,0.0,0.0,0.0,0.0,0.0,0.0,0.0,0.0,0.0,0.0,0.0,0.0,0.0,0.0,0.0,0.0,0.0,0.0,0.0
2015-03-02 23:00:00,0.0,0.0,0.0,0.0,0.0,0.0,0.0,0.0,0.0,0.0,0.0,0.0,0.0,0.0,0.0,0.0,0.0,0.0,0.0,0.0,0.0,0.0
2015-03-03 00:00:00,0.0,0.0,0.0,0.0,0.0,0.0,0.0,0.0,0.0,0.0,0.0,0.0,0.0,0.0,0.0,0.0,0.0,0.0,0.0,0.0,0.0,0.0
2015-03-03 01:00:00,0.0,0.0,0.0,0.0,0.0,0.0,0.0,0.0,0.0,0.0,0.0,0.0,0.0,0.0,0.0,0.0,0.0,0.0,0.0,0.0,0.0,0.0
2015-03-03 02:00:00,0.0,0.0,0.0,0.0,0.0,0.0,0.0,0.0,0.0,0.0,0.0,0.0,0.0,0.0,0.0,0.0,0.0,0.0,0.0,0.0,0.0,0.0
2015-03-03 03:00:00,0.0,0.0,0.0,0.0,0.0,0.0,0.0,0.0,0.0,0.0,0.0,0.0,0.0,0.0,0.0,0.0,0.0,0.0,0.0,0.0,0.0,0.0
2015-03-03 04:00:00,0.0,0.0,0.0,0.0,0.0,0.0,0.0,0.0,0.0,0.0,0.0,0.0,0.0,0.0,0.0,0.0,0.0,0.0,0.0,0.0,0.0,0.0
2015-03-03 05:00:00,0.0,0.0,0.0,0.0,0.0,0.0,0.0,0.0,0.0,0.0,0.0,0.0,0.0,0.0,0.0,0.0,0.0,0.0,0.0,0.0,0.0,0.0
2015-03-03 06:00:00,0.0,0.0,0.0,0.005,0.0,0.0,0.042,0.0,0.0,0.004,0.01,0.0,0.044,0.007,0.0,0.0,0.028,0.002,0.0,0.0,0.0,0.0
2015-03-03 07:00:00,0.019,0.0,0.01,0.067,0.054,0.019,0.216,0.022,0.078,0.055,0.14,0.068,0.21,0.125,0.021,0.043,0.181,0.057,0.035,0.036,0.0,0.057
2015-03-03 08:00:00,0.206,0.062,0.062,0.168,0.166,0.119,0.405,0.115,0.187,0.122,0.274,0.209,0.377,0.286,0.077,0.177,0.308,0.134,0.129,0.072,0.037,0.227
2015-03-03 09:00:00,0.416,0.184,0.122,0.293,0.335,0.245,0.577,0.267,0.316,0.339,0.361,0.347,0.449,0.384,0.18,0.363,0.423,0.305,0.23,0.168,0.12,0.416
2015-03-03 10:00:00,0.564,0.309,0.161,0.368,0.51,0.288,0.577,0.517,0.333,0.455,0.267,0.516,0.423,0.274,0.198,0.478,0.399,0.265,0.322,0.369,0.189,0.527
2015-03-03 11:00:00,0.631,0.385,0.193,0.415,0.63,0.403,0.439,0.597,0.495,0.616,0.299,0.531,0.394,0.326,0.268,0.498,0.52,0.269,0.34,0.448,0.255,0.61
2015-03-03 12:00:00,0.656,0.407,0.201,0.465,0.684,0.373,0.46,0.647,0.35,0.54,0.371,0.631,0.474,0.225,0.295,0.383,0.483,0.282,0.495,0.541,0.317,0.677
2015-03-03 13:00:00,0.643,0.384,0.186,0.478,0.65,0.345,0.44,0.626,0.374,0.372,0.429,0.63,0.481,0.303,0.329,0.518,0.373,0.331,0.538,0.523,0.314,0.67
2015-03-03 14:00:00,0.558,0.323,0.143,0.392,0.543,0.334,0.387,0.524,0.307,0.329,0.283,0.483,0.367,0.24,0.269,0.457,0.331,0.269,0.45,0.393,0.277,0.571
2015-03-03 15:00:00,0.43,0.233,0.079,0.276,0.35,0.26,0.217,0.34,0.226,0.316,0.162,0.357,0.18,0.206,0.214,0.323,0.234,0.191,0.331,0.301,0.214,0.419
2015-03-03 16:00:00,0.263,0.139,0.029,0.109,0.16,0.096,0.055,0.154,0.095,0.114,0.056,0.151,0.059,0.056,0.096,0.127,0.088,0.061,0.131,0.127,0.128,0.234
2015-03-03 17:00:00,0.083,0.055,0.0,0.001,0.003,0.0,0.0,0.007,0.0,0.0,0.0,0.0,0.0,0.0,0.0,0.0,0.0,0.0,0.0,0.0,0.033,0.054
2015-03-03 18:00:00,0.0,0.0,0.0,0.0,0.0,0.0,0.0,0.0,0.0,0.0,0.0,0.0,0.0,0.0,0.0,0.0,0.0,0.0,0.0,0.0,0.0,0.0
2015-03-03 19:00:00,0.0,0.0,0.0,0.0,0.0,0.0,0.0,0.0,0.0,0.0,0.0,0.0,0.0,0.0,0.0,0.0,0.0,0.0,0.0,0.0,0.0,0.0
2015-03-03 20:00:00,0.0,0.0,0.0,0.0,0.0,0.0,0.0,0.0,0.0,0.0,0.0,0.0,0.0,0.0,0.0,0.0,0.0,0.0,0.0,0.0,0.0,0.0
2015-03-03 21:00:00,0.0,0.0,0.0,0.0,0.0,0.0,0.0,0.0,0.0,0.0,0.0,0.0,0.0,0.0,0.0,0.0,0.0,0.0,0.0,0.0,0.0,0.0
2015-03-03 22:00:00,0.0,0.0,0.0,0.0,0.0,0.0,0.0,0.0,0.0,0.0,0.0,0.0,0.0,0.0,0.0,0.0,0.0,0.0,0.0,0.0,0.0,0.0
2015-03-03 23:00:00,0.0,0.0,0.0,0.0,0.0,0.0,0.0,0.0,0.0,0.0,0.0,0.0,0.0,0.0,0.0,0.0,0.0,0.0,0.0,0.0,0.0,0.0
2015-03-04 00:00:00,0.0,0.0,0.0,0.0,0.0,0.0,0.0,0.0,0.0,0.0,0.0,0.0,0.0,0.0,0.0,0.0,0.0,0.0,0.0,0.0,0.0,0.0
2015-03-04 01:00:00,0.0,0.0,0.0,0.0,0.0,0.0,0.0,0.0,0.0,0.0,0.0,0.0,0.0,0.0,0.0,0.0,0.0,0.0,0.0,0.0,0.0,0.0
2015-03-04 02:00:00,0.0,0.0,0.0,0.0,0.0,0.0,0.0,0.0,0.0,0.0,0.0,0.0,0.0,0.0,0.0,0.0,0.0,0.0,0.0,0.0,0.0,0.0
2015-03-04 03:00:00,0.0,0.0,0.0,0.0,0.0,0.0,0.0,0.0,0.0,0.0,0.0,0.0,0.0,0.0,0.0,0.0,0.0,0.0,0.0,0.0,0.0,0.0
2015-03-04 04:00:00,0.0,0.0,0.0,0.0,0.0,0.0,0.0,0.0,0.0,0.0,0.0,0.0,0.0,0.0,0.0,0.0,0.0,0.0,0.0,0.0,0.0,0.0
2015-03-04 05:00:00,0.0,0.0,0.0,0.0,0.0,0.0,0.0,0.0,0.0,0.0,0.0,0.0,0.0,0.0,0.0,0.0,0.0,0.0,0.0,0.0,0.0,0.0
2015-03-04 06:00:00,0.0,0.0,0.0,0.001,0.0,0.0,0.004,0.0,0.001,0.007,0.002,0.0,0.014,0.004,0.0,0.0,0.004,0.001,0.0,0.0,0.0,0.0
2015-03-04 07:00:00,0.008,0.0,0.029,0.048,0.08,0.04,0.038,0.054,0.057,0.068,0.039,0.053,0.11,0.036,0.033,0.02,0.033,0.028,0.053,0.03,0.0,0.061
2015-03-04 08:00:00,0.138,0.058,0.091,0.154,0.23,0.17,0.072,0.203,0.198,0.126,0.114,0.22,0.224,0.038,0.094,0.082,0.056,0.077,0.205,0.134,0.097,0.164
2015-03-04 09:00:00,0.31,0.163,0.145,0.307,0.454,0.299,0.121,0.365,0.444,0.209,0.323,0.457,0.237,0.083,0.121,0.292,0.095,0.223,0.42,0.259,0.242,0.233
2015-03-04 10:00:00,0.466,0.255,0.163,0.386,0.568,0.361,0.155,0.455,0.561,0.126,0.466,0.602,0.194,0.194,0.129,0.46,0.142,0.289,0.484,0.404,0.366,0.276
2015-03-04 11:00:00,0.59,0.309,0.14,0.418,0.584,0.338,0.15,0.547,0.622,0.226,0.551,0.564,0.159,0.395,0.197,0.544,0.262,0.329,0.458,0.419,0.458,0.313
2015-03-04 12:00:00,0.657,0.348,0.113,0.452,0.617,0.353,0.262,0.601,0.561,0.475,0.493,0.656,0.107,0.527,0.277,0.657,0.468,0.289,0.459,0.462,0.521,0.395
2015-03-04 13:00:00,0.637,0.348,0.086,0.392,0.582,0.266,0.367,0.523,0.384,0.495,0.334,0.548,0.172,0.41,0.279,0.539,0.512,0.252,0.393,0.369,0.522,0.481
2015-03-04 14:00:00,0.526,0.309,0.07,0.315,0.445,0.253,0.339,0.331,0.311,0.427,0.248,0.457,0.25,0.239,0.275,0.417,0.397,0.163,0.35,0.28,0.439,0.488
2015-03-04 15:00:00,0.375,0.258,0.057,0.215,0.301,0.216,0.21,0.235,0.228,0.267,0.161,0.338,0.225,0.141,0.221,0.306,0.249,0.123,0.22,0.18,0.317,0.398
2015-03-04 16:00:00,0.216,0.175,0.026,0.083,0.141,0.071,0.057,0.097,0.091,0.11,0.061,0.14,0.084,0.054,0.08,0.135,0.087,0.034,0.086,0.072,0.182,0.219
2015-03-04 17:00:00,0.07,0.072,0.0,0.002,0.004,0.0,0.0,0.013,0.0,0.0,0.0,0.0,0.0,0.0,0.0,0.0,0.0,0.0,0.0,0.005,0.045,0.054
2015-03-04 18:00:00,0.0,0.0,0.0,0.0,0.0,0.0,0.0,0.0,0.0,0.0,0.0,0.0,0.0,0.0,0.0,0.0,0.0,0.0,0.0,0.0,0.0,0.0
2015-03-04 19:00:00,0.0,0.0,0.0,0.0,0.0,0.0,0.0,0.0,0.0,0.0,0.0,0.0,0.0,0.0,0.0,0.0,0.0,0.0,0.0,0.0,0.0,0.0
2015-03-04 20:00:00,0.0,0.0,0.0,0.0,0.0,0.0,0.0,0.0,0.0,0.0,0.0,0.0,0.0,0.0,0.0,0.0,0.0,0.0,0.0,0.0,0.0,0.0
2015-03-04 21:00:00,0.0,0.0,0.0,0.0,0.0,0.0,0.0,0.0,0.0,0.0,0.0,0.0,0.0,0.0,0.0,0.0,0.0,0.0,0.0,0.0,0.0,0.0
2015-03-04 22:00:00,0.0,0.0,0.0,0.0,0.0,0.0,0.0,0.0,0.0,0.0,0.0,0.0,0.0,0.0,0.0,0.0,0.0,0.0,0.0,0.0,0.0,0.0
2015-03-04 23:00:00,0.0,0.0,0.0,0.0,0.0,0.0,0.0,0.0,0.0,0.0,0.0,0.0,0.0,0.0,0.0,0.0,0.0,0.0,0.0,0.0,0.0,0.0
2015-05-14 00:00:00,0.0,0.0,0.0,0.0,0.0,0.0,0.0,0.0,0.0,0.0,0.0,0.0,0.0,0.0,0.0,0.0,0.0,0.0,0.0,0.0,0.0,0.0
2015-05-14 01:00:00,0.0,0.0,0.0,0.0,0.0,0.0,0.0,0.0,0.0,0.0,0.0,0.0,0.0,0.0,0.0,0.0,0.0,0.0,0.0,0.0,0.0,0.0
2015-05-14 02:00:00,0.0,0.0,0.0,0.0,0.0,0.0,0.0,0.0,0.0,0.0,0.0,0.0,0.0,0.0,0.0,0.0,0.0,0.0,0.0,0.0,0.0,0.0
2015-05-14 03:00:00,0.0,0.0,0.0,0.0,0.0,0.0,0.0,0.0,0.0,0.0,0.0,0.0,0.0,0.0,0.0,0.0,0.0,0.0,0.0,0.0,0.0,0.0
2015-05-14 04:00:00,0.0,0.0,0.003,0.009,0.002,0.011,0.019,0.004,0.009,0.007,0.016,0.001,0.013,0.021,0.007,0.004,0.011,0.016,0.007,0.003,0.001,0.0
2015-05-14 05:00:00,0.011,0.004,0.05,0.05,0.032,0.051,0.079,0.033,0.056,0.042,0.073,0.025,0.072,0.084,0.043,0.033,0.058,0.07,0.044,0.034,0.011,0.011
2015-05-14 06:00:00,0.082,0.059,0.112,0.151,0.102,0.173,0.22,0.145,0.152,0.092,0.179,0.064,0.181,0.188,0.161,0.083,0.15,0.187,0.147,0.122,0.084,0.047
2015-05-14 07:00:00,0.231,0.16,0.193,0.284,0.249,0.315,0.33,0.305,0.264,0.16,0.296,0.261,0.231,0.296,0.248,0.246,0.35,0.341,0.296,0.229,0.267,0.129
2015-05-14 08:00:00,0.381,0.275,0.303,0.392,0.424,0.433,0.426,0.413,0.362,0.23,0.368,0.345,0.28,0.408,0.403,0.274,0.428,0.468,0.434,0.244,0.443,0.286
2015-05-14 09:00:00,0.526,0.353,0.402,0.483,0.54,0.551,0.549,0.484,0.464,0.192,0.507,0.473,0.275,0.529,0.481,0.31,0.434,0.606,0.51,0.347,0.574,0.46
2015-05-14 10:00:00,0.602,0.4,0.487,0.513,0.637,0.499,0.533,0.462,0.54,0.355,0.515,0.491,0.221,0.548,0.541,0.418,0.426,0.64,0.529,0.455,0.631,0.557
2015-05-14 11:00:00,0.632,0.442,0.513,0.524,0.701,0.473,0.47,0.456,0.601,0.326,0.554,0.613,0.311,0.57,0.552,0.469,0.379,0.592,0.52,0.52,0.633,0.614
2015-05-14 12:00:00,0.645,0.45,0.489,0.513,0.698,0.469,0.345,0.398,0.608,0.449,0.541,0.692,0.322,0.532,0.525,0.561,0.291,0.554,0.547,0.504,0.626,0.664
2015-05-14 13:00:00,0.646,0.438,0.451,0.48,0.645,0.452,0.286,0.382,0.558,0.403,0.536,0.624,0.329,0.487,0.519,0.595,0.304,0.492,0.493,0.491,0.584,0.639
2015-05-14 14:00:00,0.623,0.408,0.371,0.416,0.534,0.475,0.151,0.33,0.475,0.347,0.413,0.551,0.28,0.384,0.442,0.495,0.32,0.424,0.447,0.46,0.523,0.544
2015-05-14 15:00:00,0.517,0.352,0.286,0.291,0.384,0.278,0.16,0.213,0.327,0.276,0.289,0.383,0.155,0.249,0.335,0.359,0.278,0.288,0.3,0.357,0.446,0.436
2015-05-14 16:00:00,0.378,0.286,0.204,0.197,0.262,0.215,0.133,0.171,0.229,0.19,0.177,0.243,0.16,0.143,0.224,0.207,0.187,0.173,0.196,0.237,0.33,0.311
2015-05-14 17:00:00,0.215,0.197,0.115,0.082,0.112,0.08,0.051,0.081,0.076,0.063,0.062,0.104,0.059,0.06,0.095,0.083,0.058,0.07,0.081,0.119,0.214,0.169
2015-05-14 18:00:00,0.066,0.102,0.041,0.02,0.027,0.019,0.009,0.027,0.015,0.011,0.013,0.02,0.009,0.014,0.023,0.016,0.012,0.017,0.024,0.027,0.086,0.036
2015-05-14 19:00:00,0.004,0.028,0.0,0.0,0.0,0.0,0.0,0.001,0.0,0.0,0.0,0.0,0.0,0.0,0.0,0.0,0.0,0.0,0.0,0.002,0.015,0.0
2015-05-14 20:00:00,0.0,0.0,0.0,0.0,0.0,0.0,0.0,0.0,0.0,0.0,0.0,0.0,0.0,0.0,0.0,0.0,0.0,0.0,0.0,0.0,0.001,0.0
2015-05-14 21:00:00,0.0,0.0,0.0,0.0,0.0,0.0,0.0,0.0,0.0,0.0,0.0,0.0,0.0,0.0,0.0,0.0,0.0,0.0,0.0,0.0,0.0,0.0
2015-05-14 22:00:00,0.0,0.0,0.0,0.0,0.0,0.0,0.0,0.0,0.0,0.0,0.0,0.0,0.0,0.0,0.0,0.0,0.0,0.0,0.0,0.0,0.0,0.0
2015-05-14 23:00:00,0.0,0.0,0.0,0.0,0.0,0.0,0.0,0.0,0.0,0.0,0.0,0.0,0.0,0.0,0.0,0.0,0.0,0.0,0.0,0.0,0.0,0.0
2015-05-15 00:00:00,0.0,0.0,0.0,0.0,0.0,0.0,0.0,0.0,0.0,0.0,0.0,0.0,0.0,0.0,0.0,0.0,0.0,0.0,0.0,0.0,0.0,0.0
2015-05-15 01:00:00,0.0,0.0,0.0,0.0,0.0,0.0,0.0,0.0,0.0,0.0,0.0,0.0,0.0,0.0,0.0,0.0,0.0,0.0,0.0,0.0,0.0,0.0
2015-05-15 02:00:00,0.0,0.0,0.0,0.0,0.0,0.0,0.0,0.0,0.0,0.0,0.0,0.0,0.0,0.0,0.0,0.0,0.0,0.0,0.0,0.0,0.0,0.0
2015-05-15 03:00:00,0.0,0.0,0.0,0.0,0.0,0.0,0.0,0.0,0.0,0.0,0.0,0.0,0.0,0.0,0.0,0.0,0.0,0.0,0.0,0.0,0.0,0.0
2015-05-15 04:00:00,0.0,0.0,0.006,0.009,0.005,0.01,0.018,0.003,0.01,0.007,0.015,0.006,0.015,0.016,0.011,0.005,0.01,0.015,0.007,0.005,0.001,0.0
2015-05-15 05:00:00,0.011,0.005,0.054,0.05,0.036,0.049,0.082,0.034,0.054,0.054,0.068,0.042,0.074,0.072,0.05,0.044,0.056,0.067,0.042,0.034,0.011,0.018
2015-05-15 06:00:00,0.084,0.048,0.122,0.178,0.177,0.192,0.229,0.126,0.189,0.196,0.208,0.174,0.224,0.152,0.193,0.158,0.177,0.183,0.182,0.152,0.086,0.086
2015-05-15 07:00:00,0.226,0.123,0.195,0.285,0.345,0.344,0.292,0.251,0.288,0.31,0.263,0.311,0.327,0.234,0.347,0.283,0.272,0.216,0.305,0.219,0.276,0.204
2015-05-15 08:00:00,0.369,0.205,0.263,0.417,0.496,0.499,0.428,0.386,0.458,0.44,0.408,0.471,0.468,0.328,0.475,0.431,0.448,0.326,0.422,0.34,0.455,0.31
2015-05-15 09:00:00,0.483,0.271,0.339,0.49,0.474,0.608,0.476,0.477,0.548,0.52,0.551,0.442,0.454,0.398,0.549,0.417,0.424,0.455,0.498,0.451,0.584,0.37
2015-05-15 10:00:00,0.558,0.338,0.411,0.492,0.48,0.578,0.542,0.419,0.528,0.571,0.594,0.366,0.416,0.511,0.633,0.431,0.411,0.5,0.446,0.504,0.659,0.412
2015-05-15 11:00:00,0.574,0.396,0.444,0.524,0.492,0.674,0.55,0.375,0.479,0.573,0.635,0.409,0.363,0.617,0.711,0.406,0.332,0.596,0.489,0.553,0.676,0.415
2015-05-15 12:00:00,0.534,0.425,0.514,0.511,0.581,0.604,0.526,0.447,0.491,0.528,0.582,0.519,0.327,0.572,0.729,0.377,0.323,0.606,0.42,0.542,0.659,0.401
2015-05-15 13:00:00,0.48,0.436,0.521,0.489,0.606,0.558,0.451,0.467,0.454,0.356,0.489,0.607,0.296,0.495,0.685,0.402,0.26,0.596,0.406,0.55,0.607,0.363
2015-05-15 14:00:00,0.411,0.424,0.468,0.446,0.542,0.418,0.396,0.453,0.397,0.393,0.437,0.522,0.382,0.417,0.605,0.389,0.366,0.526,0.377,0.501,0.529,0.314
2015-05-15 15:00:00,0.34,0.379,0.41,0.349,0.415,0.324,0.308,0.412,0.285,0.264,0.329,0.368,0.276,0.258,0.469,0.27,0.243,0.424,0.302,0.417,0.451,0.256
2015-05-15 16:00:00,0.273,0.311,0.299,0.217,0.262,0.182,0.158,0.251,0.177,0.184,0.184,0.24,0.165,0.208,0.297,0.152,0.142,0.253,0.191,0.275,0.358,0.179
2015-05-15 17:00:00,0.174,0.22,0.146,0.096,0.105,0.09,0.053,0.124,0.072,0.076,0.07,0.098,0.056,0.066,0.119,0.078,0.05,0.087,0.103,0.135,0.232,0.101
2015-05-15 18:00:00,0.065,0.12,0.028,0.023,0.028,0.02,0.01,0.029,0.017,0.019,0.015,0.026,0.012,0.016,0.025,0.021,0.013,0.02,0.026,0.03,0.085,0.036
2015-05-15 19:00:00,0.005,0.036,0.0,0.0,0.0,0.0,0.0,0.001,0.0,0.0,0.0,0.0,0.0,0.0,0.001,0.0,0.0,0.0,0.0,0.003,0.014,0.0
2015-05-15 20:00:00,0.0,0.0,0.0,0.0,0.0,0.0,0.0,0.0,0.0,0.0,0.0,0.0,0.0,0.0,0.0,0.0,0.0,0.0,0.0,0.0,0.001,0.0
2015-05-15 21:00:00,0.0,0.0,0.0,0.0,0.0,0.0,0.0,0.0,0.0,0.0,0.0,0.0,0.0,0.0,0.0,0.0,0.0,0.0,0.0,0.0,0.0,0.0
2015-05-15 22:00:00,0.0,0.0,0.0,0.0,0.0,0.0,0.0,0.0,0.0,0.0,0.0,0.0,0.0,0.0,0.0,0.0,0.0,0.0,0.0,0.0,0.0,0.0
2015-05-15 23:00:00,0.0,0.0,0.0,0.0,0.0,0.0,0.0,0.0,0.0,0.0,0.0,0.0,0.0,0.0,0.0,0.0,0.0,0.0,0.0,0.0,0.0,0.0
2015-05-16 00:00:00,0.0,0.0,0.0,0.0,0.0,0.0,0.0,0.0,0.0,0.0,0.0,0.0,0.0,0.0,0.0,0.0,0.0,0.0,0.0,0.0,0.0,0.0
2015-05-16 01:00:00,0.0,0.0,0.0,0.0,0.0,0.0,0.0,0.0,0.0,0.0,0.0,0.0,0.0,0.0,0.0,0.0,0.0,0.0,0.0,0.0,0.0,0.0
2015-05-16 02:00:00,0.0,0.0,0.0,0.0,0.0,0.0,0.0,0.0,0.0,0.0,0.0,0.0,0.0,0.0,0.0,0.0,0.0,0.0,0.0,0.0,0.0,0.0
2015-05-16 03:00:00,0.0,0.0,0.0,0.0,0.0,0.0,0.0,0.0,0.0,0.0,0.0,0.0,0.0,0.0,0.0,0.0,0.0,0.0,0.0,0.0,0.0,0.0
2015-05-16 04:00:00,0.0,0.0,0.005,0.011,0.005,0.013,0.019,0.004,0.011,0.011,0.016,0.007,0.015,0.021,0.015,0.008,0.013,0.018,0.008,0.008,0.001,0.0
2015-05-16 05:00:00,0.008,0.006,0.044,0.055,0.036,0.062,0.086,0.035,0.058,0.06,0.075,0.04,0.076,0.092,0.055,0.049,0.064,0.078,0.043,0.04,0.018,0.024
2015-05-16 06:00:00,0.087,0.074,0.175,0.198,0.166,0.208,0.25,0.162,0.214,0.223,0.239,0.191,0.188,0.267,0.19,0.204,0.205,0.241,0.184,0.164,0.087,0.115
2015-05-16 07:00:00,0.269,0.177,0.349,0.359,0.353,0.379,0.425,0.331,0.36,0.401,0.389,0.37,0.344,0.442,0.335,0.381,0.37,0.405,0.343,0.296,0.209,0.222
2015-05-16 08:00:00,0.462,0.278,0.465,0.497,0.514,0.49,0.553,0.499,0.516,0.56,0.53,0.529,0.481,0.583,0.393,0.537,0.526,0.551,0.48,0.423,0.314,0.309
2015-05-16 09:00:00,0.618,0.365,0.522,0.583,0.626,0.572,0.647,0.55,0.614,0.668,0.659,0.643,0.62,0.66,0.454,0.638,0.633,0.607,0.576,0.484,0.396,0.415
2015-05-16 10:00:00,0.721,0.418,0.582,0.586,0.686,0.592,0.658,0.546,0.576,0.71,0.675,0.682,0.573,0.67,0.47,0.649,0.534,0.509,0.613,0.451,0.403,0.514
2015-05-16 11:00:00,0.746,0.429,0.583,0.553,0.668,0.592,0.69,0.508,0.558,0.65,0.516,0.725,0.498,0.534,0.464,0.603,0.416,0.467,0.605,0.426,0.335,0.619
2015-05-16 12:00:00,0.732,0.403,0.556,0.503,0.614,0.554,0.618,0.435,0.537,0.64,0.452,0.709,0.447,0.379,0.462,0.684,0.347,0.418,0.555,0.374,0.294,0.696
2015-05-16 13:00:00,0.707,0.366,0.515,0.427,0.523,0.471,0.461,0.394,0.549,0.624,0.416,0.627,0.359,0.294,0.365,0.643,0.405,0.279,0.467,0.309,0.263,0.698
2015-05-16 14:00:00,0.626,0.319,0.477,0.356,0.441,0.417,0.327,0.347,0.449,0.536,0.362,0.517,0.302,0.249,0.354,0.534,0.376,0.265,0.357,0.26,0.215,0.632
2015-05-16 15:00:00,0.494,0.246,0.409,0.259,0.315,0.238,0.268,0.224,0.305,0.386,0.293,0.391,0.304,0.178,0.261,0.387,0.345,0.224,0.241,0.213,0.173,0.518
2015-05-16 16:00:00,0.345,0.185,0.28,0.157,0.196,0.14,0.166,0.113,0.155,0.235,0.166,0.22,0.178,0.146,0.166,0.225,0.191,0.15,0.144,0.15,0.13,0.361
2015-05-16 17:00:00,0.185,0.126,0.141,0.067,0.08,0.072,0.069,0.035,0.08,0.088,0.076,0.096,0.069,0.067,0.092,0.09,0.081,0.075,0.062,0.048,0.089,0.179
2015-05-16 18:00:00,0.06,0.062,0.025,0.018,0.019,0.021,0.015,0.008,0.023,0.021,0.021,0.028,0.016,0.016,0.022,0.024,0.02,0.02,0.018,0.012,0.048,0.034
2015-05-16 19:00:00,0.005,0.015,0.001,0.0,0.0,0.0,0.0,0.0,0.0,0.0,0.0,0.0,0.0,0.0,0.0,0.0,0.0,0.0,0.0,0.0,0.015,0.0
2015-05-16 20:00:00,0.0,0.0,0.0,0.0,0.0,0.0,0.0,0.0,0.0,0.0,0.0,0.0,0.0,0.0,0.0,0.0,0.0,0.0,0.0,0.0,0.0,0.0
2015-05-16 21:00:00,0.0,0.0,0.0,0.0,0.0,0.0,0.0,0.0,0.0,0.0,0.0,0.0,0.0,0.0,0.0,0.0,0.0,0.0,0.0,0.0,0.0,0.0
2015-05-16 22:00:00,0.0,0.0,0.0,0.0,0.0,0.0,0.0,0.0,0.0,0.0,0.0,0.0,0.0,0.0,0.0,0.0,0.0,0.0,0.0,0.0,0.0,0.0
2015-05-16 23:00:00,0.0,0.0,0.0,0.0,0.0,0.0,0.0,0.0,0.0,0.0,0.0,0.0,0.0,0.0,0.0,0.0,0.0,0.0,0.0,0.0,0.0,0.0
2015-05-17 00:00:00,0.0,0.0,0.0,0.0,0.0,0.0,0.0,0.0,0.0,0.0,0.0,0.0,0.0,0.0,0.0,0.0,0.0,0.0,0.0,0.0,0.0,0.0
2015-05-17 01:00:00,0.0,0.0,0.0,0.0,0.0,0.0,0.0,0.0,0.0,0.0,0.0,0.0,0.0,0.0,0.0,0.0,0.0,0.0,0.0,0.0,0.0,0.0
2015-05-17 02:00:00,0.0,0.0,0.0,0.0,0.0,0.0,0.0,0.0,0.0,0.0,0.0,0.0,0.0,0.0,0.0,0.0,0.0,0.0,0.0,0.0,0.0,0.0
2015-05-17 03:00:00,0.0,0.0,0.0,0.0,0.0,0.0,0.0,0.0,0.0,0.0,0.0,0.0,0.0,0.0,0.0,0.0,0.0,0.0,0.0,0.0,0.0,0.0
2015-05-17 04:00:00,0.0,0.0,0.005,0.005,0.002,0.007,0.008,0.002,0.002,0.003,0.007,0.001,0.007,0.009,0.011,0.0,0.001,0.009,0.005,0.006,0.0,0.0
2015-05-17 05:00:00,0.007,0.006,0.034,0.034,0.032,0.039,0.038,0.029,0.014,0.018,0.027,0.027,0.022,0.058,0.053,0.012,0.008,0.044,0.037,0.035,0.014,0.025
2015-05-17 06:00:00,0.042,0.058,0.072,0.109,0.098,0.138,0.114,0.108,0.079,0.042,0.086,0.107,0.035,0.125,0.162,0.08,0.03,0.114,0.111,0.139,0.059,0.088
2015-05-17 07:00:00,0.119,0.143,0.11,0.218,0.214,0.284,0.077,0.202,0.196,0.151,0.137,0.264,0.056,0.163,0.301,0.273,0.074,0.23,0.264,0.264,0.149,0.143
2015-05-17 08:00:00,0.232,0.241,0.173,0.344,0.29,0.458,0.073,0.315,0.383,0.281,0.332,0.382,0.088,0.303,0.47,0.405,0.21,0.398,0.369,0.421,0.251,0.223
2015-05-17 09:00:00,0.334,0.332,0.276,0.44,0.398,0.499,0.131,0.444,0.408,0.472,0.43,0.483,0.161,0.493,0.565,0.457,0.34,0.518,0.44,0.548,0.338,0.327
2015-05-17 10:00:00,0.435,0.393,0.409,0.515,0.382,0.622,0.263,0.479,0.538,0.564,0.562,0.551,0.358,0.555,0.66,0.546,0.525,0.604,0.491,0.585,0.406,0.444
2015-05-17 11:00:00,0.52,0.399,0.518,0.555,0.409,0.586,0.369,0.492,0.626,0.525,0.598,0.558,0.504,0.617,0.627,0.534,0.544,0.616,0.542,0.687,0.451,0.544
2015-05-17 12:00:00,0.579,0.4,0.574,0.553,0.422,0.55,0.51,0.481,0.585,0.531,0.6,0.492,0.579,0.625,0.636,0.521,0.536,0.641,0.508,0.677,0.464,0.53
2015-05-17 13:00:00,0.587,0.397,0.603,0.519,0.419,0.503,0.439,0.576,0.513,0.483,0.554,0.467,0.522,0.541,0.608,0.5,0.549,0.571,0.445,0.652,0.44,0.491
2015-05-17 14:00:00,0.516,0.366,0.564,0.447,0.358,0.433,0.365,0.458,0.372,0.409,0.468,0.378,0.466,0.496,0.5,0.421,0.427,0.509,0.42,0.569,0.382,0.478
2015-05-17 15:00:00,0.43,0.319,0.461,0.34,0.243,0.404,0.28,0.317,0.294,0.285,0.349,0.245,0.337,0.348,0.43,0.241,0.333,0.347,0.327,0.47,0.333,0.43
2015-05-17 16:00:00,0.34,0.26,0.302,0.213,0.173,0.243,0.169,0.22,0.182,0.166,0.212,0.175,0.197,0.197,0.281,0.148,0.177,0.217,0.199,0.302,0.27,0.318
2015-05-17 17:00:00,0.212,0.19,0.143,0.095,0.099,0.105,0.059,0.115,0.08,0.072,0.077,0.078,0.063,0.068,0.115,0.067,0.069,0.082,0.098,0.133,0.178,0.171
2015-05-17 18:00:00,0.069,0.107,0.036,0.025,0.029,0.025,0.013,0.032,0.022,0.016,0.019,0.025,0.013,0.014,0.027,0.02,0.016,0.021,0.03,0.032,0.088,0.039
2015-05-17 19:00:00,0.004,0.035,0.002,0.001,0.0,0.0,0.0,0.002,0.0,0.0,0.0,0.0,0.0,0.0,0.002,0.0,0.0,0.0,0.0,0.002,0.03,0.001
2015-05-17 20:00:00,0.0,0.0,0.0,0.0,0.0,0.0,0.0,0.0,0.0,0.0,0.0,0.0,0.0,0.0,0.0,0.0,0.0,0.0,0.0,0.0,0.001,0.0
2015-05-17 21:00:00,0.0,0.0,0.0,0.0,0.0,0.0,0.0,0.0,0.0,0.0,0.0,0.0,0.0,0.0,0.0,0.0,0.0,0.0,0.0,0.0,0.0,0.0
2015-05-17 22:00:00,0.0,0.0,0.0,0.0,0.0,0.0,0.0,0.0,0.0,0.0,0.0,0.0,0.0,0.0,0.0,0.0,0.0,0.0,0.0,0.0,0.0,0.0
2015-05-17 23:00:00,0.0,0.0,0.0,0.0,0.0,0.0,0.0,0.0,0.0,0.0,0.0,0.0,0.0,0.0,0.0,0.0,0.0,0.0,0.0,0.0,0.0,0.0
2015-05-18 00:00:00,0.0,0.0,0.0,0.0,0.0,0.0,0.0,0.0,0.0,0.0,0.0,0.0,0.0,0.0,0.0,0.0,0.0,0.0,0.0,0.0,0.0,0.0
2015-05-18 01:00:00,0.0,0.0,0.0,0.0,0.0,0.0,0.0,0.0,0.0,0.0,0.0,0.0,0.0,0.0,0.0,0.0,0.0,0.0,0.0,0.0,0.0,0.0
2015-05-18 02:00:00,0.0,0.0,0.0,0.0,0.0,0.0,0.0,0.0,0.0,0.0,0.0,0.0,0.0,0.0,0.0,0.0,0.0,0.0,0.0,0.0,0.0,0.0
2015-05-18 03:00:00,0.0,0.0,0.0,0.0,0.0,0.0,0.0,0.0,0.0,0.0,0.0,0.0,0.0,0.0,0.0,0.0,0.0,0.0,0.0,0.0,0.0,0.0
2015-05-18 04:00:00,0.0,0.0,0.01,0.012,0.006,0.016,0.02,0.006,0.013,0.011,0.019,0.008,0.018,0.022,0.014,0.01,0.015,0.019,0.01,0.009,0.001,0.0
2015-05-18 05:00:00,0.008,0.008,0.058,0.058,0.037,0.062,0.081,0.043,0.062,0.061,0.079,0.041,0.081,0.089,0.054,0.051,0.069,0.074,0.049,0.05,0.029,0.015
2015-05-18 06:00:00,0.09,0.074,0.158,0.184,0.176,0.143,0.24,0.156,0.213,0.226,0.222,0.194,0.249,0.246,0.163,0.209,0.233,0.189,0.172,0.139,0.095,0.127
2015-05-18 07:00:00,0.275,0.179,0.276,0.329,0.344,0.337,0.387,0.271,0.383,0.407,0.393,0.371,0.414,0.403,0.293,0.386,0.4,0.306,0.313,0.243,0.225,0.322
2015-05-18 08:00:00,0.463,0.293,0.383,0.444,0.501,0.383,0.496,0.423,0.52,0.564,0.459,0.528,0.563,0.41,0.345,0.542,0.549,0.395,0.453,0.355,0.363,0.508
2015-05-18 09:00:00,0.615,0.393,0.485,0.541,0.612,0.515,0.48,0.532,0.583,0.682,0.437,0.649,0.602,0.486,0.435,0.664,0.623,0.438,0.6,0.506,0.458,0.632
2015-05-18 10:00:00,0.686,0.458,0.528,0.536,0.49,0.59,0.533,0.459,0.45,0.752,0.42,0.717,0.645,0.481,0.572,0.733,0.655,0.473,0.55,0.549,0.508,0.676
2015-05-18 11:00:00,0.654,0.495,0.552,0.533,0.454,0.641,0.544,0.323,0.45,0.773,0.508,0.569,0.725,0.555,0.616,0.721,0.658,0.574,0.514,0.545,0.558,0.648
2015-05-18 12:00:00,0.6,0.524,0.566,0.541,0.475,0.663,0.542,0.386,0.383,0.744,0.516,0.573,0.673,0.567,0.598,0.676,0.596,0.579,0.532,0.57,0.595,0.601
2015-05-18 13:00:00,0.538,0.531,0.522,0.463,0.367,0.574,0.45,0.401,0.35,0.656,0.442,0.438,0.592,0.549,0.49,0.519,0.605,0.513,0.425,0.481,0.584,0.556
2015-05-18 14:00:00,0.468,0.492,0.478,0.353,0.324,0.369,0.347,0.369,0.266,0.458,0.324,0.363,0.437,0.402,0.44,0.34,0.43,0.395,0.302,0.349,0.503,0.444
2015-05-18 15:00:00,0.418,0.429,0.411,0.259,0.27,0.218,0.298,0.269,0.202,0.335,0.276,0.268,0.358,0.254,0.328,0.234,0.242,0.298,0.231,0.22,0.398,0.322
2015-05-18 16:00:00,0.333,0.344,0.285,0.178,0.226,0.13,0.17,0.191,0.173,0.199,0.185,0.182,0.187,0.192,0.177,0.161,0.145,0.217,0.184,0.117,0.297,0.232
2015-05-18 17:00:00,0.197,0.233,0.141,0.078,0.11,0.057,0.061,0.092,0.077,0.074,0.073,0.092,0.066,0.07,0.086,0.079,0.063,0.085,0.08,0.056,0.19,0.128
2015-05-18 18:00:00,0.069,0.124,0.041,0.025,0.035,0.022,0.014,0.035,0.021,0.017,0.019,0.023,0.013,0.017,0.035,0.02,0.017,0.023,0.027,0.025,0.085,0.044
2015-05-18 19:00:00,0.004,0.036,0.002,0.001,0.001,0.0,0.0,0.002,0.0,0.0,0.0,0.0,0.0,0.0,0.001,0.0,0.0,0.0,0.001,0.001,0.024,0.0
2015-05-18 20:00:00,0.0,0.0,0.0,0.0,0.0,0.0,0.0,0.0,0.0,0.0,0.0,0.0,0.0,0.0,0.0,0.0,0.0,0.0,0.0,0.0,0.001,0.0
2015-05-18 21:00:00,0.0,0.0,0.0,0.0,0.0,0.0,0.0,0.0,0.0,0.0,0.0,0.0,0.0,0.0,0.0,0.0,0.0,0.0,0.0,0.0,0.0,0.0
2015-05-18 22:00:00,0.0,0.0,0.0,0.0,0.0,0.0,0.0,0.0,0.0,0.0,0.0,0.0,0.0,0.0,0.0,0.0,0.0,0.0,0.0,0.0,0.0,0.0
2015-05-18 23:00:00,0.0,0.0,0.0,0.0,0.0,0.0,0.0,0.0,0.0,0.0,0.0,0.0,0.0,0.0,0.0,0.0,0.0,0.0,0.0,0.0,0.0,0.0
2015-05-19 00:00:00,0.0,0.0,0.0,0.0,0.0,0.0,0.0,0.0,0.0,0.0,0.0,0.0,0.0,0.0,0.0,0.0,0.0,0.0,0.0,0.0,0.0,0.0
2015-05-19 01:00:00,0.0,0.0,0.0,0.0,0.0,0.0,0.0,0.0,0.0,0.0,0.0,0.0,0.0,0.0,0.0,0.0,0.0,0.0,0.0,0.0,0.0,0.0
2015-05-19 02:00:00,0.0,0.0,0.0,0.0,0.0,0.0,0.0,0.0,0.0,0.0,0.0,0.0,0.0,0.0,0.0,0.0,0.0,0.0,0.0,0.0,0.0,0.0
2015-05-19 03:00:00,0.0,0.0,0.0,0.0,0.0,0.0,0.0,0.0,0.0,0.0,0.0,0.0,0.0,0.0,0.0,0.0,0.0,0.0,0.0,0.0,0.0,0.0
2015-05-19 04:00:00,0.0,0.0,0.008,0.013,0.008,0.015,0.018,0.007,0.013,0.011,0.018,0.007,0.014,0.023,0.012,0.009,0.012,0.022,0.011,0.008,0.001,0.0
2015-05-19 05:00:00,0.011,0.006,0.052,0.059,0.047,0.062,0.077,0.049,0.059,0.057,0.07,0.036,0.072,0.089,0.05,0.045,0.058,0.081,0.054,0.05,0.02,0.015
2015-05-19 06:00:00,0.09,0.054,0.133,0.168,0.159,0.159,0.22,0.146,0.177,0.211,0.183,0.176,0.223,0.226,0.121,0.19,0.189,0.177,0.163,0.135,0.065,0.124
2015-05-19 07:00:00,0.206,0.139,0.213,0.316,0.326,0.305,0.389,0.267,0.329,0.376,0.301,0.35,0.393,0.396,0.252,0.363,0.341,0.305,0.334,0.236,0.129,0.311
2015-05-19 08:00:00,0.279,0.234,0.303,0.446,0.433,0.45,0.507,0.412,0.493,0.53,0.404,0.493,0.541,0.473,0.375,0.513,0.505,0.393,0.477,0.37,0.194,0.487
2015-05-19 09:00:00,0.345,0.301,0.412,0.533,0.416,0.563,0.593,0.525,0.612,0.642,0.503,0.521,0.646,0.546,0.482,0.618,0.625,0.468,0.567,0.451,0.245,0.622
2015-05-19 10:00:00,0.406,0.356,0.562,0.576,0.38,0.647,0.637,0.513,0.647,0.702,0.559,0.493,0.687,0.581,0.568,0.648,0.684,0.544,0.625,0.51,0.275,0.71
2015-05-19 11:00:00,0.407,0.41,0.619,0.535,0.274,0.589,0.623,0.509,0.581,0.676,0.568,0.326,0.697,0.565,0.621,0.594,0.641,0.591,0.517,0.489,0.314,0.734
2015-05-19 12:00:00,0.37,0.447,0.583,0.468,0.229,0.532,0.525,0.493,0.522,0.641,0.553,0.391,0.666,0.512,0.489,0.584,0.599,0.574,0.36,0.481,0.347,0.718
2015-05-19 13:00:00,0.348,0.441,0.558,0.387,0.211,0.375,0.397,0.461,0.351,0.534,0.434,0.404,0.586,0.401,0.392,0.509,0.509,0.435,0.271,0.508,0.349,0.653
2015-05-19 14:00:00,0.315,0.393,0.479,0.327,0.234,0.252,0.386,0.401,0.291,0.4,0.358,0.259,0.509,0.321,0.353,0.378,0.428,0.34,0.239,0.43,0.328,0.536
2015-05-19 15:00:00,0.288,0.337,0.329,0.261,0.184,0.224,0.287,0.265,0.235,0.314,0.271,0.103,0.371,0.278,0.285,0.235,0.33,0.262,0.23,0.355,0.29,0.409
2015-05-19 16:00:00,0.212,0.265,0.192,0.162,0.101,0.167,0.185,0.185,0.151,0.169,0.155,0.069,0.206,0.166,0.217,0.116,0.175,0.139,0.142,0.225,0.23,0.276
2015-05-19 17:00:00,0.111,0.181,0.102,0.077,0.099,0.081,0.049,0.104,0.048,0.061,0.049,0.046,0.058,0.058,0.101,0.053,0.048,0.069,0.076,0.111,0.153,0.149
2015-05-19 18:00:00,0.049,0.107,0.045,0.023,0.032,0.026,0.009,0.036,0.01,0.011,0.014,0.015,0.012,0.014,0.027,0.01,0.012,0.019,0.027,0.033,0.071,0.048
2015-05-19 19:00:00,0.007,0.035,0.003,0.001,0.001,0.0,0.0,0.002,0.0,0.0,0.0,0.0,0.0,0.0,0.001,0.0,0.0,0.0,0.001,0.003,0.021,0.0
2015-05-19 20:00:00,0.0,0.0,0.0,0.0,0.0,0.0,0.0,0.0,0.0,0.0,0.0,0.0,0.0,0.0,0.0,0.0,0.0,0.0,0.0,0.0,0.0,0.0
2015-05-19 21:00:00,0.0,0.0,0.0,0.0,0.0,0.0,0.0,0.0,0.0,0.0,0.0,0.0,0.0,0.0,0.0,0.0,0.0,0.0,0.0,0.0,0.0,0.0
2015-05-19 22:00:00,0.0,0.0,0.0,0.0,0.0,0.0,0.0,0.0,0.0,0.0,0.0,0.0,0.0,0.0,0.0,0.0,0.0,0.0,0.0,0.0,0.0,0.0
2015-05-19 23:00:00,0.0,0.0,0.0,0.0,0.0,0.0,0.0,0.0,0.0,0.0,0.0,0.0,0.0,0.0,0.0,0.0,0.0,0.0,0.0,0.0,0.0,0.0
2015-05-20 00:00:00,0.0,0.0,0.0,0.0,0.0,0.0,0.0,0.0,0.0,0.0,0.0,0.0,0.0,0.0,0.0,0.0,0.0,0.0,0.0,0.0,0.0,0.0
2015-05-20 01:00:00,0.0,0.0,0.0,0.0,0.0,0.0,0.0,0.0,0.0,0.0,0.0,0.0,0.0,0.0,0.0,0.0,0.0,0.0,0.0,0.0,0.0,0.0
2015-05-20 02:00:00,0.0,0.0,0.0,0.0,0.0,0.0,0.0,0.0,0.0,0.0,0.0,0.0,0.0,0.0,0.0,0.0,0.0,0.0,0.0,0.0,0.0,0.0
2015-05-20 03:00:00,0.0,0.0,0.0,0.0,0.0,0.0,0.0,0.0,0.0,0.0,0.0,0.0,0.0,0.0,0.0,0.0,0.0,0.0,0.0,0.0,0.0,0.0
2015-05-20 04:00:00,0.0,0.0,0.01,0.009,0.001,0.009,0.02,0.004,0.01,0.013,0.011,0.003,0.018,0.014,0.016,0.007,0.016,0.018,0.005,0.009,0.001,0.0
2015-05-20 05:00:00,0.009,0.006,0.058,0.044,0.02,0.038,0.081,0.033,0.032,0.06,0.046,0.03,0.078,0.059,0.057,0.039,0.068,0.06,0.029,0.052,0.024,0.021
2015-05-20 06:00:00,0.049,0.048,0.149,0.101,0.04,0.057,0.209,0.073,0.078,0.171,0.102,0.113,0.228,0.125,0.116,0.128,0.183,0.122,0.06,0.128,0.089,0.122
2015-05-20 07:00:00,0.088,0.117,0.231,0.18,0.081,0.171,0.28,0.134,0.255,0.271,0.249,0.132,0.343,0.138,0.212,0.164,0.258,0.171,0.135,0.213,0.203,0.251
2015-05-20 08:00:00,0.115,0.199,0.261,0.279,0.132,0.277,0.42,0.213,0.332,0.426,0.393,0.232,0.457,0.198,0.295,0.285,0.368,0.35,0.207,0.338,0.323,0.379
2015-05-20 09:00:00,0.143,0.269,0.29,0.297,0.147,0.185,0.471,0.266,0.296,0.563,0.368,0.185,0.534,0.292,0.316,0.389,0.448,0.41,0.187,0.384,0.438,0.527
2015-05-20 10:00:00,0.167,0.318,0.321,0.298,0.134,0.174,0.59,0.23,0.299,0.62,0.343,0.127,0.614,0.37,0.271,0.349,0.608,0.42,0.16,0.39,0.53,0.607
2015-05-20 11:00:00,0.195,0.365,0.327,0.312,0.157,0.163,0.673,0.318,0.262,0.658,0.353,0.133,0.658,0.35,0.28,0.348,0.621,0.363,0.171,0.401,0.574,0.644
2015-05-20 12:00:00,0.196,0.402,0.319,0.284,0.152,0.132,0.626,0.307,0.225,0.611,0.313,0.146,0.615,0.32,0.213,0.417,0.613,0.233,0.164,0.388,0.567,0.648
2015-05-20 13:00:00,0.16,0.405,0.297,0.273,0.132,0.109,0.532,0.303,0.257,0.565,0.336,0.206,0.571,0.316,0.171,0.364,0.555,0.203,0.174,0.384,0.564,0.616
2015-05-20 14:00:00,0.128,0.382,0.233,0.201,0.099,0.083,0.446,0.193,0.2,0.456,0.259,0.108,0.433,0.22,0.15,0.254,0.376,0.143,0.125,0.284,0.53,0.525
2015-05-20 15:00:00,0.11,0.335,0.176,0.159,0.053,0.071,0.307,0.118,0.133,0.294,0.202,0.093,0.314,0.187,0.118,0.222,0.275,0.098,0.141,0.231,0.465,0.371
2015-05-20 16:00:00,0.082,0.27,0.133,0.095,0.03,0.068,0.155,0.077,0.091,0.182,0.11,0.067,0.169,0.112,0.093,0.136,0.128,0.037,0.079,0.158,0.36,0.229
2015-05-20 17:00:00,0.048,0.194,0.072,0.043,0.018,0.035,0.056,0.044,0.045,0.073,0.042,0.024,0.064,0.055,0.047,0.055,0.056,0.016,0.033,0.084,0.223,0.113
2015-05-20 18:00:00,0.024,0.111,0.024,0.012,0.005,0.006,0.014,0.017,0.013,0.016,0.011,0.004,0.014,0.016,0.014,0.011,0.012,0.006,0.009,0.028,0.096,0.033
2015-05-20 19:00:00,0.006,0.037,0.0,0.001,0.0,0.001,0.0,0.002,0.0,0.0,0.0,0.0,0.0,0.0,0.001,0.0,0.0,0.0,0.001,0.003,0.024,0.0
2015-05-20 20:00:00,0.0,0.0,0.0,0.0,0.0,0.0,0.0,0.0,0.0,0.0,0.0,0.0,0.0,0.0,0.0,0.0,0.0,0.0,0.0,0.0,0.001,0.0
2015-05-20 21:00:00,0.0,0.0,0.0,0.0,0.0,0.0,0.0,0.0,0.0,0.0,0.0,0.0,0.0,0.0,0.0,0.0,0.0,0.0,0.0,0.0,0.0,0.0
2015-05-20 22:00:00,0.0,0.0,0.0,0.0,0.0,0.0,0.0,0.0,0.0,0.0,0.0,0.0,0.0,0.0,0.0,0.0,0.0,0.0,0.0,0.0,0.0,0.0
2015-05-20 23:00:00,0.0,0.0,0.0,0.0,0.0,0.0,0.0,0.0,0.0,0.0,0.0,0.0,0.0,0.0,0.0,0.0,0.0,0.0,0.0,0.0,0.0,0.0
2015-08-21 00:00:00,0.0,0.0,0.0,0.0,0.0,0.0,0.0,0.0,0.0,0.0,0.0,0.0,0.0,0.0,0.0,0.0,0.0,0.0,0.0,0.0,0.0,0.0
2015-08-21 01:00:00,0.0,0.0,0.0,0.0,0.0,0.0,0.0,0.0,0.0,0.0,0.0,0.0,0.0,0.0,0.0,0.0,0.0,0.0,0.0,0.0,0.0,0.0
2015-08-21 02:00:00,0.0,0.0,0.0,0.0,0.0,0.0,0.0,0.0,0.0,0.0,0.0,0.0,0.0,0.0,0.0,0.0,0.0,0.0,0.0,0.0,0.0,0.0
2015-08-21 03:00:00,0.0,0.0,0.0,0.0,0.0,0.0,0.0,0.0,0.0,0.0,0.0,0.0,0.0,0.0,0.0,0.0,0.0,0.0,0.0,0.0,0.0,0.0
2015-08-21 04:00:00,0.0,0.0,0.0,0.0,0.0,0.0,0.0,0.0,0.0,0.0,0.0,0.0,0.0,0.0,0.0,0.0,0.0,0.0,0.0,0.0,0.0,0.0
2015-08-21 05:00:00,0.0,0.0,0.007,0.019,0.012,0.017,0.034,0.012,0.019,0.02,0.026,0.014,0.03,0.04,0.017,0.017,0.024,0.028,0.015,0.012,0.001,0.001
2015-08-21 06:00:00,0.035,0.021,0.105,0.136,0.117,0.141,0.153,0.102,0.152,0.157,0.17,0.131,0.152,0.173,0.139,0.144,0.154,0.166,0.129,0.108,0.031,0.06
2015-08-21 07:00:00,0.152,0.104,0.283,0.3,0.293,0.314,0.258,0.261,0.328,0.341,0.34,0.31,0.318,0.293,0.31,0.319,0.312,0.322,0.303,0.274,0.178,0.204
2015-08-21 08:00:00,0.31,0.217,0.444,0.449,0.46,0.475,0.356,0.424,0.489,0.498,0.487,0.469,0.427,0.408,0.468,0.486,0.417,0.461,0.465,0.412,0.354,0.329
2015-08-21 09:00:00,0.475,0.348,0.556,0.569,0.593,0.6,0.441,0.56,0.613,0.601,0.576,0.601,0.566,0.469,0.595,0.609,0.531,0.558,0.594,0.556,0.51,0.433
2015-08-21 10:00:00,0.605,0.458,0.647,0.628,0.68,0.68,0.475,0.604,0.678,0.617,0.599,0.683,0.561,0.47,0.677,0.672,0.566,0.592,0.678,0.629,0.618,0.482
2015-08-21 11:00:00,0.665,0.526,0.696,0.628,0.699,0.713,0.516,0.661,0.567,0.461,0.518,0.685,0.539,0.451,0.673,0.562,0.514,0.59,0.679,0.694,0.677,0.431
2015-08-21 12:00:00,0.659,0.526,0.704,0.512,0.57,0.669,0.338,0.608,0.385,0.324,0.352,0.44,0.368,0.391,0.63,0.395,0.319,0.53,0.539,0.606,0.694,0.39
2015-08-21 13:00:00,0.609,0.481,0.659,0.465,0.464,0.578,0.277,0.59,0.327,0.357,0.314,0.327,0.332,0.345,0.494,0.364,0.261,0.439,0.515,0.637,0.676,0.397
2015-08-21 14:00:00,0.518,0.439,0.556,0.342,0.321,0.39,0.238,0.478,0.208,0.216,0.242,0.214,0.188,0.226,0.38,0.198,0.171,0.333,0.365,0.53,0.613,0.364
2015-08-21 15:00:00,0.384,0.377,0.416,0.258,0.251,0.244,0.128,0.374,0.164,0.146,0.17,0.21,0.131,0.159,0.3,0.177,0.12,0.207,0.299,0.405,0.509,0.299
2015-08-21 16:00:00,0.248,0.287,0.254,0.147,0.142,0.133,0.06,0.193,0.102,0.065,0.107,0.148,0.065,0.087,0.178,0.109,0.07,0.118,0.177,0.227,0.373,0.216
2015-08-21 17:00:00,0.137,0.186,0.096,0.057,0.05,0.059,0.022,0.079,0.038,0.026,0.036,0.053,0.019,0.022,0.067,0.042,0.021,0.047,0.073,0.091,0.203,0.106
2015-08-21 18:00:00,0.04,0.087,0.01,0.006,0.006,0.008,0.0,0.01,0.003,0.001,0.001,0.005,0.0,0.0,0.01,0.003,0.001,0.003,0.009,0.013,0.049,0.021
2015-08-21 19:00:00,0.0,0.01,0.0,0.0,0.0,0.0,0.0,0.0,0.0,0.0,0.0,0.0,0.0,0.0,0.0,0.0,0.0,0.0,0.0,0.0,0.001,0.0
2015-08-21 20:00:00,0.0,0.0,0.0,0.0,0.0,0.0,0.0,0.0,0.0,0.0,0.0,0.0,0.0,0.0,0.0,0.0,0.0,0.0,0.0,0.0,0.0,0.0
2015-08-21 21:00:00,0.0,0.0,0.0,0.0,0.0,0.0,0.0,0.0,0.0,0.0,0.0,0.0,0.0,0.0,0.0,0.0,0.0,0.0,0.0,0.0,0.0,0.0
2015-08-21 22:00:00,0.0,0.0,0.0,0.0,0.0,0.0,0.0,0.0,0.0,0.0,0.0,0.0,0.0,0.0,0.0,0.0,0.0,0.0,0.0,0.0,0.0,0.0
2015-08-21 23:00:00,0.0,0.0,0.0,0.0,0.0,0.0,0.0,0.0,0.0,0.0,0.0,0.0,0.0,0.0,0.0,0.0,0.0,0.0,0.0,0.0,0.0,0.0
2015-08-22 00:00:00,0.0,0.0,0.0,0.0,0.0,0.0,0.0,0.0,0.0,0.0,0.0,0.0,0.0,0.0,0.0,0.0,0.0,0.0,0.0,0.0,0.0,0.0
2015-08-22 01:00:00,0.0,0.0,0.0,0.0,0.0,0.0,0.0,0.0,0.0,0.0,0.0,0.0,0.0,0.0,0.0,0.0,0.0,0.0,0.0,0.0,0.0,0.0
2015-08-22 02:00:00,0.0,0.0,0.0,0.0,0.0,0.0,0.0,0.0,0.0,0.0,0.0,0.0,0.0,0.0,0.0,0.0,0.0,0.0,0.0,0.0,0.0,0.0
2015-08-22 03:00:00,0.0,0.0,0.0,0.0,0.0,0.0,0.0,0.0,0.0,0.0,0.0,0.0,0.0,0.0,0.0,0.0,0.0,0.0,0.0,0.0,0.0,0.0
2015-08-22 04:00:00,0.0,0.0,0.0,0.0,0.0,0.0,0.0,0.0,0.0,0.0,0.0,0.0,0.0,0.0,0.0,0.0,0.0,0.0,0.0,0.0,0.0,0.0
2015-08-22 05:00:00,0.0,0.0,0.01,0.016,0.009,0.012,0.029,0.008,0.014,0.019,0.02,0.012,0.028,0.032,0.018,0.016,0.022,0.029,0.01,0.01,0.001,0.0
2015-08-22 06:00:00,0.032,0.021,0.094,0.105,0.099,0.078,0.121,0.093,0.085,0.134,0.119,0.111,0.115,0.143,0.115,0.123,0.094,0.152,0.085,0.106,0.029,0.053
2015-08-22 07:00:00,0.179,0.115,0.235,0.249,0.24,0.225,0.282,0.249,0.237,0.242,0.287,0.222,0.285,0.28,0.275,0.241,0.249,0.301,0.206,0.267,0.173,0.182
2015-08-22 08:00:00,0.348,0.249,0.387,0.384,0.382,0.389,0.36,0.414,0.386,0.414,0.39,0.368,0.426,0.423,0.419,0.416,0.331,0.421,0.33,0.42,0.353,0.339
2015-08-22 09:00:00,0.491,0.382,0.511,0.492,0.479,0.528,0.472,0.527,0.442,0.519,0.427,0.52,0.588,0.481,0.53,0.529,0.376,0.508,0.458,0.553,0.529,0.444
2015-08-22 10:00:00,0.606,0.479,0.591,0.544,0.538,0.496,0.554,0.549,0.468,0.629,0.479,0.589,0.603,0.533,0.561,0.598,0.411,0.535,0.542,0.623,0.649,0.511
2015-08-22 11:00:00,0.61,0.536,0.581,0.573,0.536,0.491,0.584,0.608,0.516,0.659,0.515,0.535,0.554,0.605,0.499,0.66,0.608,0.568,0.593,0.627,0.712,0.568
2015-08-22 12:00:00,0.56,0.56,0.512,0.51,0.494,0.462,0.474,0.431,0.49,0.569,0.439,0.484,0.526,0.586,0.472,0.637,0.624,0.507,0.55,0.529,0.726,0.551
2015-08-22 13:00:00,0.495,0.537,0.457,0.467,0.492,0.498,0.419,0.394,0.39,0.505,0.432,0.469,0.447,0.48,0.442,0.522,0.539,0.503,0.519,0.409,0.705,0.464
2015-08-22 14:00:00,0.41,0.481,0.39,0.387,0.416,0.489,0.32,0.347,0.355,0.382,0.353,0.436,0.32,0.389,0.355,0.409,0.404,0.421,0.425,0.324,0.643,0.399
2015-08-22 15:00:00,0.348,0.408,0.31,0.276,0.286,0.335,0.201,0.266,0.263,0.246,0.264,0.258,0.223,0.242,0.289,0.235,0.239,0.253,0.308,0.29,0.535,0.324
2015-08-22 16:00:00,0.253,0.319,0.201,0.17,0.214,0.161,0.109,0.192,0.167,0.144,0.153,0.147,0.118,0.088,0.202,0.132,0.145,0.119,0.192,0.215,0.389,0.222
2015-08-22 17:00:00,0.138,0.209,0.082,0.055,0.077,0.054,0.026,0.079,0.049,0.049,0.041,0.038,0.03,0.027,0.064,0.034,0.028,0.034,0.059,0.085,0.209,0.109
2015-08-22 18:00:00,0.038,0.093,0.009,0.004,0.007,0.003,0.0,0.009,0.002,0.001,0.001,0.004,0.0,0.0,0.006,0.002,0.0,0.001,0.005,0.009,0.046,0.02
2015-08-22 19:00:00,0.0,0.009,0.0,0.0,0.0,0.0,0.0,0.0,0.0,0.0,0.0,0.0,0.0,0.0,0.0,0.0,0.0,0.0,0.0,0.0,0.0,0.0
2015-08-22 20:00:00,0.0,0.0,0.0,0.0,0.0,0.0,0.0,0.0,0.0,0.0,0.0,0.0,0.0,0.0,0.0,0.0,0.0,0.0,0.0,0.0,0.0,0.0
2015-08-22 21:00:00,0.0,0.0,0.0,0.0,0.0,0.0,0.0,0.0,0.0,0.0,0.0,0.0,0.0,0.0,0.0,0.0,0.0,0.0,0.0,0.0,0.0,0.0
2015-08-22 22:00:00,0.0,0.0,0.0,0.0,0.0,0.0,0.0,0.0,0.0,0.0,0.0,0.0,0.0,0.0,0.0,0.0,0.0,0.0,0.0,0.0,0.0,0.0
2015-08-22 23:00:00,0.0,0.0,0.0,0.0,0.0,0.0,0.0,0.0,0.0,0.0,0.0,0.0,0.0,0.0,0.0,0.0,0.0,0.0,0.0,0.0,0.0,0.0
2015-08-23 00:00:00,0.0,0.0,0.0,0.0,0.0,0.0,0.0,0.0,0.0,0.0,0.0,0.0,0.0,0.0,0.0,0.0,0.0,0.0,0.0,0.0,0.0,0.0
2015-08-23 01:00:00,0.0,0.0,0.0,0.0,0.0,0.0,0.0,0.0,0.0,0.0,0.0,0.0,0.0,0.0,0.0,0.0,0.0,0.0,0.0,0.0,0.0,0.0
2015-08-23 02:00:00,0.0,0.0,0.0,0.0,0.0,0.0,0.0,0.0,0.0,0.0,0.0,0.0,0.0,0.0,0.0,0.0,0.0,0.0,0.0,0.0,0.0,0.0
2015-08-23 03:00:00,0.0,0.0,0.0,0.0,0.0,0.0,0.0,0.0,0.0,0.0,0.0,0.0,0.0,0.0,0.0,0.0,0.0,0.0,0.0,0.0,0.0,0.0
2015-08-23 04:00:00,0.0,0.0,0.0,0.0,0.0,0.0,0.0,0.0,0.0,0.0,0.0,0.0,0.0,0.0,0.0,0.0,0.0,0.0,0.0,0.0,0.0,0.0
2015-08-23 05:00:00,0.0,0.0,0.005,0.014,0.009,0.015,0.021,0.008,0.016,0.017,0.017,0.012,0.025,0.024,0.013,0.014,0.02,0.015,0.011,0.009,0.0,0.0
2015-08-23 06:00:00,0.031,0.02,0.099,0.102,0.099,0.119,0.096,0.095,0.1,0.146,0.096,0.109,0.123,0.113,0.093,0.12,0.106,0.087,0.1,0.1,0.028,0.051
2015-08-23 07:00:00,0.172,0.115,0.281,0.24,0.26,0.267,0.19,0.232,0.205,0.331,0.164,0.289,0.27,0.231,0.226,0.305,0.267,0.182,0.253,0.271,0.174,0.206
2015-08-23 08:00:00,0.34,0.253,0.456,0.379,0.42,0.392,0.301,0.399,0.38,0.495,0.292,0.423,0.44,0.328,0.366,0.468,0.421,0.298,0.377,0.432,0.357,0.393
2015-08-23 09:00:00,0.496,0.383,0.58,0.496,0.555,0.492,0.405,0.547,0.497,0.609,0.394,0.542,0.531,0.454,0.42,0.588,0.514,0.394,0.518,0.549,0.524,0.484
2015-08-23 10:00:00,0.6,0.481,0.656,0.57,0.651,0.469,0.514,0.646,0.558,0.629,0.495,0.661,0.606,0.524,0.482,0.584,0.557,0.5,0.59,0.619,0.636,0.514
2015-08-23 11:00:00,0.641,0.543,0.648,0.564,0.68,0.5,0.427,0.68,0.472,0.541,0.457,0.672,0.462,0.448,0.501,0.616,0.445,0.467,0.618,0.653,0.684,0.508
2015-08-23 12:00:00,0.636,0.559,0.59,0.561,0.651,0.568,0.391,0.648,0.468,0.511,0.373,0.673,0.427,0.392,0.56,0.636,0.467,0.44,0.638,0.667,0.7,0.488
2015-08-23 13:00:00,0.567,0.529,0.482,0.465,0.608,0.501,0.349,0.562,0.438,0.451,0.348,0.516,0.29,0.296,0.495,0.551,0.311,0.355,0.498,0.522,0.692,0.473
2015-08-23 14:00:00,0.451,0.472,0.386,0.348,0.492,0.293,0.193,0.423,0.334,0.264,0.259,0.45,0.259,0.167,0.325,0.421,0.196,0.23,0.428,0.381,0.628,0.402
2015-08-23 15:00:00,0.356,0.395,0.279,0.269,0.37,0.297,0.146,0.352,0.272,0.204,0.189,0.322,0.182,0.093,0.242,0.32,0.17,0.163,0.326,0.295,0.523,0.305
2015-08-23 16:00:00,0.253,0.289,0.159,0.147,0.209,0.141,0.091,0.188,0.148,0.154,0.104,0.173,0.086,0.071,0.111,0.171,0.093,0.083,0.175,0.182,0.376,0.218
2015-08-23 17:00:00,0.136,0.172,0.072,0.053,0.076,0.057,0.022,0.087,0.05,0.045,0.031,0.059,0.027,0.026,0.041,0.053,0.032,0.025,0.061,0.074,0.196,0.111
2015-08-23 18:00:00,0.035,0.067,0.01,0.004,0.005,0.004,0.0,0.006,0.002,0.001,0.001,0.003,0.0,0.0,0.005,0.002,0.0,0.001,0.004,0.008,0.044,0.016
2015-08-23 19:00:00,0.0,0.002,0.0,0.0,0.0,0.0,0.0,0.0,0.0,0.0,0.0,0.0,0.0,0.0,0.0,0.0,0.0,0.0,0.0,0.0,0.0,0.0
2015-08-23 20:00:00,0.0,0.0,0.0,0.0,0.0,0.0,0.0,0.0,0.0,0.0,0.0,0.0,0.0,0.0,0.0,0.0,0.0,0.0,0.0,0.0,0.0,0.0
2015-08-23 21:00:00,0.0,0.0,0.0,0.0,0.0,0.0,0.0,0.0,0.0,0.0,0.0,0.0,0.0,0.0,0.0,0.0,0.0,0.0,0.0,0.0,0.0,0.0
2015-08-23 22:00:00,0.0,0.0,0.0,0.0,0.0,0.0,0.0,0.0,0.0,0.0,0.0,0.0,0.0,0.0,0.0,0.0,0.0,0.0,0.0,0.0,0.0,0.0
2015-08-23 23:00:00,0.0,0.0,0.0,0.0,0.0,0.0,0.0,0.0,0.0,0.0,0.0,0.0,0.0,0.0,0.0,0.0,0.0,0.0,0.0,0.0,0.0,0.0
2015-08-24 00:00:00,0.0,0.0,0.0,0.0,0.0,0.0,0.0,0.0,0.0,0.0,0.0,0.0,0.0,0.0,0.0,0.0,0.0,0.0,0.0,0.0,0.0,0.0
2015-08-24 01:00:00,0.0,0.0,0.0,0.0,0.0,0.0,0.0,0.0,0.0,0.0,0.0,0.0,0.0,0.0,0.0,0.0,0.0,0.0,0.0,0.0,0.0,0.0
2015-08-24 02:00:00,0.0,0.0,0.0,0.0,0.0,0.0,0.0,0.0,0.0,0.0,0.0,0.0,0.0,0.0,0.0,0.0,0.0,0.0,0.0,0.0,0.0,0.0
2015-08-24 03:00:00,0.0,0.0,0.0,0.0,0.0,0.0,0.0,0.0,0.0,0.0,0.0,0.0,0.0,0.0,0.0,0.0,0.0,0.0,0.0,0.0,0.0,0.0
2015-08-24 04:00:00,0.0,0.0,0.0,0.0,0.0,0.0,0.0,0.0,0.0,0.0,0.0,0.0,0.0,0.0,0.0,0.0,0.0,0.0,0.0,0.0,0.0,0.0
2015-08-24 05:00:00,0.0,0.0,0.008,0.018,0.007,0.021,0.034,0.005,0.024,0.018,0.03,0.014,0.032,0.027,0.017,0.014,0.026,0.024,0.015,0.011,0.0,0.0
2015-08-24 06:00:00,0.031,0.011,0.085,0.094,0.05,0.09,0.148,0.028,0.124,0.149,0.128,0.109,0.173,0.126,0.111,0.134,0.152,0.14,0.072,0.065,0.029,0.055
2015-08-24 07:00:00,0.12,0.075,0.24,0.221,0.122,0.238,0.321,0.1,0.295,0.29,0.307,0.213,0.346,0.261,0.25,0.294,0.332,0.304,0.18,0.171,0.155,0.204
2015-08-24 08:00:00,0.206,0.165,0.413,0.309,0.216,0.322,0.486,0.151,0.409,0.386,0.451,0.346,0.496,0.341,0.362,0.412,0.478,0.423,0.222,0.232,0.308,0.354
2015-08-24 09:00:00,0.349,0.256,0.521,0.393,0.295,0.397,0.596,0.173,0.508,0.483,0.574,0.517,0.606,0.421,0.443,0.559,0.586,0.518,0.311,0.273,0.422,0.485
2015-08-24 10:00:00,0.489,0.328,0.612,0.442,0.368,0.402,0.668,0.225,0.531,0.579,0.647,0.608,0.656,0.502,0.496,0.642,0.63,0.579,0.35,0.273,0.501,0.569
2015-08-24 11:00:00,0.581,0.369,0.601,0.47,0.428,0.328,0.696,0.261,0.515,0.572,0.636,0.608,0.654,0.61,0.501,0.677,0.643,0.59,0.424,0.286,0.532,0.587
2015-08-24 12:00:00,0.595,0.377,0.52,0.471,0.442,0.322,0.665,0.542,0.52,0.582,0.584,0.516,0.571,0.561,0.406,0.639,0.616,0.516,0.4,0.317,0.483,0.562
2015-08-24 13:00:00,0.559,0.365,0.431,0.426,0.423,0.383,0.566,0.582,0.476,0.51,0.478,0.41,0.463,0.343,0.326,0.487,0.563,0.379,0.375,0.359,0.442,0.525
2015-08-24 14:00:00,0.477,0.348,0.329,0.32,0.372,0.21,0.39,0.526,0.371,0.373,0.345,0.271,0.345,0.174,0.281,0.275,0.415,0.23,0.272,0.329,0.404,0.488
2015-08-24 15:00:00,0.337,0.317,0.229,0.23,0.291,0.176,0.218,0.416,0.215,0.226,0.218,0.116,0.215,0.135,0.155,0.155,0.216,0.161,0.225,0.265,0.317,0.398
2015-08-24 16:00:00,0.211,0.255,0.146,0.154,0.182,0.13,0.116,0.246,0.096,0.141,0.117,0.084,0.146,0.093,0.126,0.125,0.142,0.092,0.17,0.218,0.225,0.26
2015-08-24 17:00:00,0.114,0.16,0.069,0.056,0.071,0.053,0.028,0.092,0.032,0.051,0.039,0.029,0.038,0.031,0.049,0.039,0.043,0.033,0.062,0.088,0.125,0.118
2015-08-24 18:00:00,0.032,0.062,0.008,0.003,0.006,0.003,0.0,0.008,0.001,0.0,0.001,0.001,0.0,0.0,0.004,0.001,0.0,0.002,0.004,0.008,0.037,0.012
2015-08-24 19:00:00,0.0,0.003,0.0,0.0,0.0,0.0,0.0,0.0,0.0,0.0,0.0,0.0,0.0,0.0,0.0,0.0,0.0,0.0,0.0,0.0,0.0,0.0
2015-08-24 20:00:00,0.0,0.0,0.0,0.0,0.0,0.0,0.0,0.0,0.0,0.0,0.0,0.0,0.0,0.0,0.0,0.0,0.0,0.0,0.0,0.0,0.0,0.0
2015-08-24 21:00:00,0.0,0.0,0.0,0.0,0.0,0.0,0.0,0.0,0.0,0.0,0.0,0.0,0.0,0.0,0.0,0.0,0.0,0.0,0.0,0.0,0.0,0.0
2015-08-24 22:00:00,0.0,0.0,0.0,0.0,0.0,0.0,0.0,0.0,0.0,0.0,0.0,0.0,0.0,0.0,0.0,0.0,0.0,0.0,0.0,0.0,0.0,0.0
2015-08-24 23:00:00,0.0,0.0,0.0,0.0,0.0,0.0,0.0,0.0,0.0,0.0,0.0,0.0,0.0,0.0,0.0,0.0,0.0,0.0,0.0,0.0,0.0,0.0
2015-08-25 00:00:00,0.0,0.0,0.0,0.0,0.0,0.0,0.0,0.0,0.0,0.0,0.0,0.0,0.0,0.0,0.0,0.0,0.0,0.0,0.0,0.0,0.0,0.0
2015-08-25 01:00:00,0.0,0.0,0.0,0.0,0.0,0.0,0.0,0.0,0.0,0.0,0.0,0.0,0.0,0.0,0.0,0.0,0.0,0.0,0.0,0.0,0.0,0.0
2015-08-25 02:00:00,0.0,0.0,0.0,0.0,0.0,0.0,0.0,0.0,0.0,0.0,0.0,0.0,0.0,0.0,0.0,0.0,0.0,0.0,0.0,0.0,0.0,0.0
2015-08-25 03:00:00,0.0,0.0,0.0,0.0,0.0,0.0,0.0,0.0,0.0,0.0,0.0,0.0,0.0,0.0,0.0,0.0,0.0,0.0,0.0,0.0,0.0,0.0
2015-08-25 04:00:00,0.0,0.0,0.0,0.0,0.0,0.0,0.0,0.0,0.0,0.0,0.0,0.0,0.0,0.0,0.0,0.0,0.0,0.0,0.0,0.0,0.0,0.0
2015-08-25 05:00:00,0.0,0.0,0.004,0.013,0.003,0.011,0.03,0.002,0.012,0.015,0.018,0.01,0.026,0.033,0.013,0.013,0.016,0.021,0.011,0.007,0.0,0.0
2015-08-25 06:00:00,0.012,0.01,0.092,0.076,0.024,0.073,0.174,0.009,0.088,0.091,0.113,0.056,0.166,0.173,0.068,0.093,0.11,0.118,0.054,0.04,0.027,0.033
2015-08-25 07:00:00,0.073,0.068,0.273,0.17,0.054,0.163,0.317,0.015,0.248,0.25,0.259,0.158,0.327,0.327,0.135,0.266,0.218,0.249,0.158,0.062,0.094,0.134
2015-08-25 08:00:00,0.115,0.155,0.452,0.248,0.077,0.324,0.454,0.076,0.304,0.384,0.387,0.154,0.472,0.435,0.226,0.28,0.39,0.414,0.198,0.085,0.165,0.246
2015-08-25 09:00:00,0.131,0.235,0.567,0.288,0.098,0.378,0.541,0.211,0.349,0.422,0.451,0.082,0.563,0.544,0.315,0.275,0.448,0.512,0.16,0.088,0.241,0.307
2015-08-25 10:00:00,0.192,0.293,0.649,0.309,0.141,0.231,0.627,0.349,0.262,0.44,0.486,0.094,0.577,0.627,0.299,0.193,0.468,0.558,0.14,0.185,0.291,0.339
2015-08-25 11:00:00,0.259,0.334,0.659,0.341,0.246,0.226,0.641,0.384,0.269,0.347,0.523,0.075,0.597,0.616,0.181,0.116,0.41,0.566,0.219,0.312,0.298,0.338
2015-08-25 12:00:00,0.301,0.365,0.59,0.317,0.411,0.246,0.567,0.332,0.176,0.22,0.376,0.134,0.486,0.589,0.085,0.106,0.309,0.403,0.255,0.336,0.272,0.306
2015-08-25 13:00:00,0.286,0.395,0.506,0.288,0.486,0.179,0.432,0.265,0.175,0.161,0.209,0.307,0.343,0.525,0.105,0.115,0.179,0.264,0.284,0.355,0.261,0.299
2015-08-25 14:00:00,0.291,0.395,0.371,0.256,0.331,0.164,0.285,0.231,0.205,0.166,0.143,0.41,0.233,0.333,0.107,0.329,0.163,0.187,0.323,0.297,0.25,0.289
2015-08-25 15:00:00,0.291,0.359,0.214,0.18,0.201,0.157,0.158,0.201,0.195,0.093,0.122,0.32,0.171,0.147,0.082,0.258,0.147,0.1,0.22,0.219,0.193,0.238
2015-08-25 16:00:00,0.23,0.296,0.101,0.095,0.14,0.107,0.047,0.13,0.095,0.041,0.047,0.15,0.064,0.033,0.078,0.094,0.073,0.021,0.112,0.142,0.129,0.171
2015-08-25 17:00:00,0.136,0.191,0.034,0.042,0.068,0.049,0.021,0.065,0.038,0.015,0.013,0.054,0.022,0.009,0.048,0.043,0.014,0.009,0.047,0.062,0.076,0.088
2015-08-25 18:00:00,0.03,0.077,0.003,0.002,0.004,0.003,0.0,0.005,0.001,0.0,0.0,0.003,0.0,0.0,0.003,0.001,0.0,0.0,0.003,0.004,0.028,0.014
2015-08-25 19:00:00,0.0,0.003,0.0,0.0,0.0,0.0,0.0,0.0,0.0,0.0,0.0,0.0,0.0,0.0,0.0,0.0,0.0,0.0,0.0,0.0,0.0,0.0
2015-08-25 20:00:00,0.0,0.0,0.0,0.0,0.0,0.0,0.0,0.0,0.0,0.0,0.0,0.0,0.0,0.0,0.0,0.0,0.0,0.0,0.0,0.0,0.0,0.0
2015-08-25 21:00:00,0.0,0.0,0.0,0.0,0.0,0.0,0.0,0.0,0.0,0.0,0.0,0.0,0.0,0.0,0.0,0.0,0.0,0.0,0.0,0.0,0.0,0.0
2015-08-25 22:00:00,0.0,0.0,0.0,0.0,0.0,0.0,0.0,0.0,0.0,0.0,0.0,0.0,0.0,0.0,0.0,0.0,0.0,0.0,0.0,0.0,0.0,0.0
2015-08-25 23:00:00,0.0,0.0,0.0,0.0,0.0,0.0,0.0,0.0,0.0,0.0,0.0,0.0,0.0,0.0,0.0,0.0,0.0,0.0,0.0,0.0,0.0,0.0
2015-08-26 00:00:00,0.0,0.0,0.0,0.0,0.0,0.0,0.0,0.0,0.0,0.0,0.0,0.0,0.0,0.0,0.0,0.0,0.0,0.0,0.0,0.0,0.0,0.0
2015-08-26 01:00:00,0.0,0.0,0.0,0.0,0.0,0.0,0.0,0.0,0.0,0.0,0.0,0.0,0.0,0.0,0.0,0.0,0.0,0.0,0.0,0.0,0.0,0.0
2015-08-26 02:00:00,0.0,0.0,0.0,0.0,0.0,0.0,0.0,0.0,0.0,0.0,0.0,0.0,0.0,0.0,0.0,0.0,0.0,0.0,0.0,0.0,0.0,0.0
2015-08-26 03:00:00,0.0,0.0,0.0,0.0,0.0,0.0,0.0,0.0,0.0,0.0,0.0,0.0,0.0,0.0,0.0,0.0,0.0,0.0,0.0,0.0,0.0,0.0
2015-08-26 04:00:00,0.0,0.0,0.0,0.0,0.0,0.0,0.0,0.0,0.0,0.0,0.0,0.0,0.0,0.0,0.0,0.0,0.0,0.0,0.0,0.0,0.0,0.0
2015-08-26 05:00:00,0.0,0.0,0.004,0.015,0.008,0.015,0.033,0.006,0.019,0.017,0.025,0.01,0.023,0.031,0.015,0.014,0.026,0.023,0.011,0.007,0.0,0.0
2015-08-26 06:00:00,0.027,0.014,0.078,0.119,0.106,0.111,0.154,0.095,0.133,0.122,0.141,0.121,0.114,0.172,0.115,0.13,0.132,0.133,0.113,0.093,0.023,0.05
2015-08-26 07:00:00,0.183,0.097,0.195,0.262,0.279,0.281,0.295,0.254,0.313,0.296,0.295,0.295,0.262,0.207,0.189,0.277,0.315,0.272,0.264,0.217,0.104,0.184
2015-08-26 08:00:00,0.379,0.222,0.32,0.422,0.446,0.413,0.417,0.428,0.477,0.474,0.445,0.463,0.394,0.346,0.393,0.458,0.473,0.43,0.439,0.346,0.181,0.343
2015-08-26 09:00:00,0.542,0.353,0.452,0.539,0.577,0.544,0.524,0.552,0.575,0.604,0.514,0.591,0.425,0.512,0.538,0.601,0.575,0.544,0.572,0.419,0.238,0.479
2015-08-26 10:00:00,0.656,0.46,0.559,0.597,0.657,0.644,0.551,0.611,0.634,0.57,0.556,0.665,0.498,0.543,0.615,0.662,0.615,0.573,0.629,0.495,0.286,0.551
2015-08-26 11:00:00,0.72,0.525,0.616,0.61,0.698,0.65,0.505,0.661,0.661,0.581,0.492,0.699,0.543,0.48,0.625,0.664,0.596,0.481,0.675,0.561,0.312,0.604
2015-08-26 12:00:00,0.736,0.548,0.616,0.575,0.695,0.641,0.445,0.664,0.585,0.551,0.422,0.7,0.432,0.328,0.615,0.636,0.432,0.436,0.676,0.513,0.314,0.611
2015-08-26 13:00:00,0.714,0.533,0.518,0.53,0.641,0.605,0.321,0.624,0.568,0.474,0.376,0.644,0.327,0.314,0.528,0.604,0.33,0.481,0.62,0.508,0.315,0.557
2015-08-26 14:00:00,0.647,0.486,0.362,0.443,0.545,0.49,0.26,0.532,0.503,0.404,0.363,0.542,0.218,0.303,0.403,0.515,0.286,0.365,0.509,0.443,0.315,0.495
2015-08-26 15:00:00,0.531,0.411,0.285,0.324,0.41,0.329,0.176,0.406,0.377,0.329,0.302,0.399,0.189,0.175,0.253,0.385,0.283,0.225,0.377,0.336,0.256,0.406
2015-08-26 16:00:00,0.37,0.314,0.213,0.189,0.245,0.182,0.123,0.241,0.207,0.205,0.171,0.229,0.126,0.117,0.145,0.214,0.182,0.132,0.216,0.189,0.172,0.279
2015-08-26 17:00:00,0.178,0.201,0.082,0.061,0.083,0.063,0.028,0.09,0.054,0.05,0.043,0.068,0.033,0.029,0.056,0.057,0.042,0.041,0.07,0.078,0.102,0.125
2015-08-26 18:00:00,0.026,0.082,0.003,0.004,0.004,0.004,0.0,0.006,0.001,0.0,0.0,0.002,0.0,0.0,0.005,0.001,0.0,0.001,0.005,0.008,0.036,0.007
2015-08-26 19:00:00,0.0,0.002,0.0,0.0,0.0,0.0,0.0,0.0,0.0,0.0,0.0,0.0,0.0,0.0,0.0,0.0,0.0,0.0,0.0,0.0,0.0,0.0
2015-08-26 20:00:00,0.0,0.0,0.0,0.0,0.0,0.0,0.0,0.0,0.0,0.0,0.0,0.0,0.0,0.0,0.0,0.0,0.0,0.0,0.0,0.0,0.0,0.0
2015-08-26 21:00:00,0.0,0.0,0.0,0.0,0.0,0.0,0.0,0.0,0.0,0.0,0.0,0.0,0.0,0.0,0.0,0.0,0.0,0.0,0.0,0.0,0.0,0.0
2015-08-26 22:00:00,0.0,0.0,0.0,0.0,0.0,0.0,0.0,0.0,0.0,0.0,0.0,0.0,0.0,0.0,0.0,0.0,0.0,0.0,0.0,0.0,0.0,0.0
2015-08-26 23:00:00,0.0,0.0,0.0,0.0,0.0,0.0,0.0,0.0,0.0,0.0,0.0,0.0,0.0,0.0,0.0,0.0,0.0,0.0,0.0,0.0,0.0,0.0
2015-08-27 00:00:00,0.0,0.0,0.0,0.0,0.0,0.0,0.0,0.0,0.0,0.0,0.0,0.0,0.0,0.0,0.0,0.0,0.0,0.0,0.0,0.0,0.0,0.0
2015-08-27 01:00:00,0.0,0.0,0.0,0.0,0.0,0.0,0.0,0.0,0.0,0.0,0.0,0.0,0.0,0.0,0.0,0.0,0.0,0.0,0.0,0.0,0.0,0.0
2015-08-27 02:00:00,0.0,0.0,0.0,0.0,0.0,0.0,0.0,0.0,0.0,0.0,0.0,0.0,0.0,0.0,0.0,0.0,0.0,0.0,0.0,0.0,0.0,0.0
2015-08-27 03:00:00,0.0,0.0,0.0,0.0,0.0,0.0,0.0,0.0,0.0,0.0,0.0,0.0,0.0,0.0,0.0,0.0,0.0,0.0,0.0,0.0,0.0,0.0
2015-08-27 04:00:00,0.0,0.0,0.0,0.0,0.0,0.0,0.0,0.0,0.0,0.0,0.0,0.0,0.0,0.0,0.0,0.0,0.0,0.0,0.0,0.0,0.0,0.0
2015-08-27 05:00:00,0.0,0.0,0.004,0.015,0.008,0.015,0.029,0.007,0.014,0.014,0.02,0.009,0.026,0.031,0.017,0.012,0.019,0.022,0.012,0.01,0.0,0.0
2015-08-27 06:00:00,0.025,0.012,0.073,0.121,0.103,0.106,0.175,0.088,0.14,0.15,0.155,0.122,0.164,0.174,0.102,0.135,0.157,0.146,0.107,0.087,0.02,0.051
2015-08-27 07:00:00,0.175,0.08,0.215,0.277,0.265,0.277,0.333,0.202,0.309,0.331,0.326,0.298,0.231,0.347,0.273,0.312,0.306,0.317,0.272,0.216,0.065,0.224
2015-08-27 08:00:00,0.356,0.174,0.367,0.425,0.396,0.425,0.479,0.374,0.46,0.493,0.466,0.455,0.456,0.484,0.41,0.473,0.479,0.452,0.409,0.378,0.111,0.413
2015-08-27 09:00:00,0.517,0.262,0.47,0.549,0.521,0.513,0.589,0.552,0.572,0.612,0.58,0.566,0.59,0.569,0.516,0.594,0.602,0.559,0.534,0.528,0.136,0.561
2015-08-27 10:00:00,0.635,0.323,0.538,0.627,0.639,0.588,0.656,0.633,0.635,0.682,0.659,0.619,0.678,0.633,0.6,0.654,0.678,0.631,0.624,0.572,0.138,0.663
2015-08-27 11:00:00,0.696,0.354,0.579,0.657,0.686,0.676,0.648,0.627,0.627,0.701,0.67,0.643,0.702,0.67,0.646,0.652,0.697,0.637,0.672,0.618,0.123,0.712
2015-08-27 12:00:00,0.713,0.361,0.618,0.635,0.644,0.676,0.644,0.601,0.63,0.674,0.625,0.666,0.675,0.653,0.626,0.635,0.666,0.635,0.666,0.529,0.099,0.714
2015-08-27 13:00:00,0.69,0.348,0.618,0.561,0.525,0.607,0.583,0.553,0.611,0.605,0.58,0.633,0.603,0.583,0.49,0.616,0.582,0.595,0.596,0.385,0.083,0.678
2015-08-27 14:00:00,0.62,0.326,0.552,0.443,0.376,0.48,0.485,0.488,0.514,0.485,0.5,0.498,0.485,0.489,0.294,0.521,0.47,0.484,0.468,0.26,0.082,0.597
2015-08-27 15:00:00,0.498,0.279,0.406,0.313,0.283,0.353,0.338,0.369,0.364,0.373,0.349,0.333,0.333,0.34,0.168,0.374,0.355,0.298,0.344,0.163,0.091,0.475
2015-08-27 16:00:00,0.337,0.199,0.219,0.168,0.175,0.201,0.169,0.216,0.193,0.202,0.172,0.157,0.17,0.163,0.082,0.195,0.187,0.133,0.196,0.082,0.086,0.311
2015-08-27 17:00:00,0.16,0.109,0.068,0.05,0.064,0.061,0.028,0.076,0.047,0.047,0.042,0.046,0.03,0.034,0.032,0.05,0.039,0.037,0.065,0.032,0.055,0.125
2015-08-27 18:00:00,0.024,0.036,0.004,0.003,0.005,0.003,0.0,0.007,0.0,0.0,0.0,0.002,0.0,0.0,0.002,0.0,0.0,0.0,0.004,0.002,0.02,0.005
2015-08-27 19:00:00,0.0,0.0,0.0,0.0,0.0,0.0,0.0,0.0,0.0,0.0,0.0,0.0,0.0,0.0,0.0,0.0,0.0,0.0,0.0,0.0,0.0,0.0
2015-08-27 20:00:00,0.0,0.0,0.0,0.0,0.0,0.0,0.0,0.0,0.0,0.0,0.0,0.0,0.0,0.0,0.0,0.0,0.0,0.0,0.0,0.0,0.0,0.0
2015-08-27 21:00:00,0.0,0.0,0.0,0.0,0.0,0.0,0.0,0.0,0.0,0.0,0.0,0.0,0.0,0.0,0.0,0.0,0.0,0.0,0.0,0.0,0.0,0.0
2015-08-27 22:00:00,0.0,0.0,0.0,0.0,0.0,0.0,0.0,0.0,0.0,0.0,0.0,0.0,0.0,0.0,0.0,0.0,0.0,0.0,0.0,0.0,0.0,0.0
2015-08-27 23:00:00,0.0,0.0,0.0,0.0,0.0,0.0,0.0,0.0,0.0,0.0,0.0,0.0,0.0,0.0,0.0,0.0,0.0,0.0,0.0,0.0,0.0,0.0
2015-11-19 00:00:00,0.0,0.0,0.0,0.0,0.0,0.0,0.0,0.0,0.0,0.0,0.0,0.0,0.0,0.0,0.0,0.0,0.0,0.0,0.0,0.0,0.0,0.0
2015-11-19 01:00:00,0.0,0.0,0.0,0.0,0.0,0.0,0.0,0.0,0.0,0.0,0.0,0.0,0.0,0.0,0.0,0.0,0.0,0.0,0.0,0.0,0.0,0.0
2015-11-19 02:00:00,0.0,0.0,0.0,0.0,0.0,0.0,0.0,0.0,0.0,0.0,0.0,0.0,0.0,0.0,0.0,0.0,0.0,0.0,0.0,0.0,0.0,0.0
2015-11-19 03:00:00,0.0,0.0,0.0,0.0,0.0,0.0,0.0,0.0,0.0,0.0,0.0,0.0,0.0,0.0,0.0,0.0,0.0,0.0,0.0,0.0,0.0,0.0
2015-11-19 04:00:00,0.0,0.0,0.0,0.0,0.0,0.0,0.0,0.0,0.0,0.0,0.0,0.0,0.0,0.0,0.0,0.0,0.0,0.0,0.0,0.0,0.0,0.0
2015-11-19 05:00:00,0.0,0.0,0.0,0.0,0.0,0.0,0.0,0.0,0.0,0.0,0.0,0.0,0.0,0.0,0.0,0.0,0.0,0.0,0.0,0.0,0.0,0.0
2015-11-19 06:00:00,0.0,0.0,0.0,0.0,0.0,0.0,0.0,0.0,0.0,0.0,0.0,0.0,0.0,0.0,0.0,0.0,0.0,0.0,0.0,0.0,0.0,0.0
2015-11-19 07:00:00,0.0,0.0,0.0,0.013,0.0,0.013,0.034,0.0,0.006,0.089,0.004,0.018,0.112,0.0,0.0,0.04,0.068,0.0,0.008,0.0,0.0,0.0
2015-11-19 08:00:00,0.044,0.004,0.0,0.095,0.029,0.182,0.066,0.079,0.079,0.221,0.056,0.026,0.261,0.004,0.106,0.083,0.094,0.054,0.128,0.088,0.0,0.14
2015-11-19 09:00:00,0.122,0.048,0.003,0.174,0.094,0.279,0.106,0.18,0.252,0.271,0.227,0.022,0.335,0.035,0.184,0.054,0.177,0.193,0.182,0.154,0.011,0.254
2015-11-19 10:00:00,0.198,0.107,0.024,0.285,0.225,0.314,0.29,0.37,0.279,0.265,0.375,0.11,0.36,0.17,0.218,0.049,0.188,0.266,0.311,0.319,0.033,0.345
2015-11-19 11:00:00,0.205,0.155,0.058,0.31,0.33,0.236,0.245,0.446,0.297,0.087,0.34,0.159,0.175,0.37,0.237,0.09,0.074,0.284,0.384,0.312,0.048,0.359
2015-11-19 12:00:00,0.175,0.161,0.094,0.304,0.404,0.376,0.221,0.434,0.23,0.046,0.237,0.205,0.076,0.289,0.177,0.155,0.1,0.228,0.414,0.289,0.046,0.284
2015-11-19 13:00:00,0.137,0.139,0.074,0.238,0.323,0.268,0.179,0.344,0.259,0.032,0.195,0.264,0.024,0.155,0.143,0.151,0.15,0.206,0.324,0.16,0.038,0.171
2015-11-19 14:00:00,0.076,0.104,0.023,0.13,0.136,0.175,0.099,0.177,0.174,0.033,0.118,0.18,0.025,0.07,0.045,0.163,0.113,0.095,0.173,0.092,0.025,0.066
2015-11-19 15:00:00,0.026,0.055,0.0,0.028,0.016,0.037,0.0,0.048,0.03,0.022,0.001,0.029,0.002,0.0,0.003,0.035,0.022,0.0,0.051,0.041,0.005,0.012
2015-11-19 16:00:00,0.0,0.01,0.0,0.0,0.0,0.0,0.0,0.0,0.0,0.0,0.0,0.0,0.0,0.0,0.0,0.0,0.0,0.0,0.0,0.0,0.0,0.0
2015-11-19 17:00:00,0.0,0.0,0.0,0.0,0.0,0.0,0.0,0.0,0.0,0.0,0.0,0.0,0.0,0.0,0.0,0.0,0.0,0.0,0.0,0.0,0.0,0.0
2015-11-19 18:00:00,0.0,0.0,0.0,0.0,0.0,0.0,0.0,0.0,0.0,0.0,0.0,0.0,0.0,0.0,0.0,0.0,0.0,0.0,0.0,0.0,0.0,0.0
2015-11-19 19:00:00,0.0,0.0,0.0,0.0,0.0,0.0,0.0,0.0,0.0,0.0,0.0,0.0,0.0,0.0,0.0,0.0,0.0,0.0,0.0,0.0,0.0,0.0
2015-11-19 20:00:00,0.0,0.0,0.0,0.0,0.0,0.0,0.0,0.0,0.0,0.0,0.0,0.0,0.0,0.0,0.0,0.0,0.0,0.0,0.0,0.0,0.0,0.0
2015-11-19 21:00:00,0.0,0.0,0.0,0.0,0.0,0.0,0.0,0.0,0.0,0.0,0.0,0.0,0.0,0.0,0.0,0.0,0.0,0.0,0.0,0.0,0.0,0.0
2015-11-19 22:00:00,0.0,0.0,0.0,0.0,0.0,0.0,0.0,0.0,0.0,0.0,0.0,0.0,0.0,0.0,0.0,0.0,0.0,0.0,0.0,0.0,0.0,0.0
2015-11-19 23:00:00,0.0,0.0,0.0,0.0,0.0,0.0,0.0,0.0,0.0,0.0,0.0,0.0,0.0,0.0,0.0,0.0,0.0,0.0,0.0,0.0,0.0,0.0
2015-11-20 00:00:00,0.0,0.0,0.0,0.0,0.0,0.0,0.0,0.0,0.0,0.0,0.0,0.0,0.0,0.0,0.0,0.0,0.0,0.0,0.0,0.0,0.0,0.0
2015-11-20 01:00:00,0.0,0.0,0.0,0.0,0.0,0.0,0.0,0.0,0.0,0.0,0.0,0.0,0.0,0.0,0.0,0.0,0.0,0.0,0.0,0.0,0.0,0.0
2015-11-20 02:00:00,0.0,0.0,0.0,0.0,0.0,0.0,0.0,0.0,0.0,0.0,0.0,0.0,0.0,0.0,0.0,0.0,0.0,0.0,0.0,0.0,0.0,0.0
2015-11-20 03:00:00,0.0,0.0,0.0,0.0,0.0,0.0,0.0,0.0,0.0,0.0,0.0,0.0,0.0,0.0,0.0,0.0,0.0,0.0,0.0,0.0,0.0,0.0
2015-11-20 04:00:00,0.0,0.0,0.0,0.0,0.0,0.0,0.0,0.0,0.0,0.0,0.0,0.0,0.0,0.0,0.0,0.0,0.0,0.0,0.0,0.0,0.0,0.0
2015-11-20 05:00:00,0.0,0.0,0.0,0.0,0.0,0.0,0.0,0.0,0.0,0.0,0.0,0.0,0.0,0.0,0.0,0.0,0.0,0.0,0.0,0.0,0.0,0.0
2015-11-20 06:00:00,0.0,0.0,0.0,0.0,0.0,0.0,0.0,0.0,0.0,0.0,0.0,0.0,0.0,0.0,0.0,0.0,0.0,0.0,0.0,0.0,0.0,0.0
2015-11-20 07:00:00,0.0,0.0,0.0,0.001,0.0,0.0,0.005,0.0,0.004,0.001,0.006,0.003,0.001,0.004,0.0,0.005,0.002,0.001,0.0,0.0,0.0,0.0
2015-11-20 08:00:00,0.005,0.0,0.001,0.041,0.028,0.047,0.056,0.089,0.037,0.02,0.052,0.027,0.008,0.028,0.027,0.031,0.043,0.022,0.039,0.042,0.0,0.006
2015-11-20 09:00:00,0.027,0.019,0.036,0.119,0.122,0.16,0.161,0.207,0.114,0.077,0.118,0.09,0.047,0.064,0.074,0.103,0.177,0.086,0.11,0.109,0.058,0.035
2015-11-20 10:00:00,0.04,0.046,0.071,0.226,0.203,0.261,0.282,0.267,0.235,0.112,0.232,0.179,0.178,0.224,0.131,0.14,0.265,0.189,0.262,0.199,0.211,0.068
2015-11-20 11:00:00,0.047,0.07,0.064,0.25,0.248,0.201,0.388,0.291,0.257,0.098,0.303,0.128,0.2,0.248,0.139,0.067,0.255,0.182,0.31,0.223,0.314,0.093
2015-11-20 12:00:00,0.049,0.076,0.053,0.255,0.21,0.211,0.323,0.275,0.364,0.08,0.281,0.159,0.145,0.239,0.099,0.069,0.217,0.171,0.363,0.246,0.357,0.103
2015-11-20 13:00:00,0.043,0.064,0.032,0.196,0.169,0.19,0.252,0.262,0.275,0.06,0.247,0.115,0.08,0.16,0.071,0.068,0.136,0.105,0.252,0.212,0.32,0.083
2015-11-20 14:00:00,0.024,0.044,0.01,0.094,0.057,0.126,0.118,0.121,0.11,0.031,0.104,0.031,0.038,0.074,0.036,0.031,0.056,0.055,0.13,0.108,0.207,0.049
2015-11-20 15:00:00,0.004,0.018,0.0,0.022,0.008,0.038,0.0,0.034,0.016,0.002,0.0,0.003,0.0,0.0,0.004,0.002,0.002,0.0,0.045,0.048,0.026,0.015
2015-11-20 16:00:00,0.0,0.0,0.0,0.0,0.0,0.0,0.0,0.0,0.0,0.0,0.0,0.0,0.0,0.0,0.0,0.0,0.0,0.0,0.0,0.0,0.0,0.0
2015-11-20 17:00:00,0.0,0.0,0.0,0.0,0.0,0.0,0.0,0.0,0.0,0.0,0.0,0.0,0.0,0.0,0.0,0.0,0.0,0.0,0.0,0.0,0.0,0.0
2015-11-20 18:00:00,0.0,0.0,0.0,0.0,0.0,0.0,0.0,0.0,0.0,0.0,0.0,0.0,0.0,0.0,0.0,0.0,0.0,0.0,0.0,0.0,0.0,0.0
2015-11-20 19:00:00,0.0,0.0,0.0,0.0,0.0,0.0,0.0,0.0,0.0,0.0,0.0,0.0,0.0,0.0,0.0,0.0,0.0,0.0,0.0,0.0,0.0,0.0
2015-11-20 20:00:00,0.0,0.0,0.0,0.0,0.0,0.0,0.0,0.0,0.0,0.0,0.0,0.0,0.0,0.0,0.0,0.0,0.0,0.0,0.0,0.0,0.0,0.0
2015-11-20 21:00:00,0.0,0.0,0.0,0.0,0.0,0.0,0.0,0.0,0.0,0.0,0.0,0.0,0.0,0.0,0.0,0.0,0.0,0.0,0.0,0.0,0.0,0.0
2015-11-20 22:00:00,0.0,0.0,0.0,0.0,0.0,0.0,0.0,0.0,0.0,0.0,0.0,0.0,0.0,0.0,0.0,0.0,0.0,0.0,0.0,0.0,0.0,0.0
2015-11-20 23:00:00,0.0,0.0,0.0,0.0,0.0,0.0,0.0,0.0,0.0,0.0,0.0,0.0,0.0,0.0,0.0,0.0,0.0,0.0,0.0,0.0,0.0,0.0
2015-11-21 00:00:00,0.0,0.0,0.0,0.0,0.0,0.0,0.0,0.0,0.0,0.0,0.0,0.0,0.0,0.0,0.0,0.0,0.0,0.0,0.0,0.0,0.0,0.0
2015-11-21 01:00:00,0.0,0.0,0.0,0.0,0.0,0.0,0.0,0.0,0.0,0.0,0.0,0.0,0.0,0.0,0.0,0.0,0.0,0.0,0.0,0.0,0.0,0.0
2015-11-21 02:00:00,0.0,0.0,0.0,0.0,0.0,0.0,0.0,0.0,0.0,0.0,0.0,0.0,0.0,0.0,0.0,0.0,0.0,0.0,0.0,0.0,0.0,0.0
2015-11-21 03:00:00,0.0,0.0,0.0,0.0,0.0,0.0,0.0,0.0,0.0,0.0,0.0,0.0,0.0,0.0,0.0,0.0,0.0,0.0,0.0,0.0,0.0,0.0
2015-11-21 04:00:00,0.0,0.0,0.0,0.0,0.0,0.0,0.0,0.0,0.0,0.0,0.0,0.0,0.0,0.0,0.0,0.0,0.0,0.0,0.0,0.0,0.0,0.0
2015-11-21 05:00:00,0.0,0.0,0.0,0.0,0.0,0.0,0.0,0.0,0.0,0.0,0.0,0.0,0.0,0.0,0.0,0.0,0.0,0.0,0.0,0.0,0.0,0.0
2015-11-21 06:00:00,0.0,0.0,0.0,0.0,0.0,0.0,0.0,0.0,0.0,0.0,0.0,0.0,0.0,0.0,0.0,0.0,0.0,0.0,0.0,0.0,0.0,0.0
2015-11-21 07:00:00,0.0,0.0,0.0,0.007,0.002,0.0,0.016,0.0,0.027,0.004,0.017,0.051,0.001,0.002,0.0,0.022,0.02,0.006,0.003,0.0,0.0,0.0
2015-11-21 08:00:00,0.071,0.002,0.085,0.057,0.129,0.042,0.067,0.058,0.097,0.029,0.062,0.194,0.025,0.031,0.064,0.105,0.117,0.071,0.027,0.019,0.0,0.013
2015-11-21 09:00:00,0.206,0.057,0.221,0.134,0.241,0.075,0.168,0.147,0.167,0.042,0.09,0.326,0.065,0.071,0.2,0.225,0.203,0.186,0.087,0.088,0.049,0.043
2015-11-21 10:00:00,0.328,0.124,0.324,0.183,0.298,0.155,0.228,0.244,0.162,0.079,0.125,0.401,0.096,0.118,0.364,0.246,0.258,0.264,0.083,0.128,0.173,0.079
2015-11-21 11:00:00,0.372,0.168,0.349,0.21,0.318,0.183,0.245,0.237,0.169,0.148,0.205,0.353,0.135,0.208,0.397,0.239,0.299,0.335,0.095,0.155,0.236,0.115
2015-11-21 12:00:00,0.342,0.177,0.299,0.194,0.305,0.21,0.227,0.275,0.211,0.167,0.168,0.258,0.097,0.104,0.317,0.287,0.206,0.26,0.111,0.128,0.248,0.119
2015-11-21 13:00:00,0.269,0.154,0.225,0.131,0.294,0.128,0.107,0.155,0.159,0.089,0.072,0.239,0.073,0.037,0.236,0.198,0.179,0.119,0.094,0.075,0.207,0.089
2015-11-21 14:00:00,0.17,0.111,0.129,0.055,0.137,0.041,0.066,0.061,0.061,0.039,0.039,0.09,0.036,0.028,0.097,0.07,0.084,0.046,0.034,0.028,0.12,0.055
2015-11-21 15:00:00,0.072,0.058,0.0,0.019,0.076,0.012,0.0,0.063,0.011,0.003,0.0,0.038,0.0,0.0,0.0,0.026,0.004,0.0,0.018,0.011,0.003,0.019
2015-11-21 16:00:00,0.0,0.007,0.0,0.0,0.0,0.0,0.0,0.0,0.0,0.0,0.0,0.0,0.0,0.0,0.0,0.0,0.0,0.0,0.0,0.0,0.0,0.0
2015-11-21 17:00:00,0.0,0.0,0.0,0.0,0.0,0.0,0.0,0.0,0.0,0.0,0.0,0.0,0.0,0.0,0.0,0.0,0.0,0.0,0.0,0.0,0.0,0.0
2015-11-21 18:00:00,0.0,0.0,0.0,0.0,0.0,0.0,0.0,0.0,0.0,0.0,0.0,0.0,0.0,0.0,0.0,0.0,0.0,0.0,0.0,0.0,0.0,0.0
2015-11-21 19:00:00,0.0,0.0,0.0,0.0,0.0,0.0,0.0,0.0,0.0,0.0,0.0,0.0,0.0,0.0,0.0,0.0,0.0,0.0,0.0,0.0,0.0,0.0
2015-11-21 20:00:00,0.0,0.0,0.0,0.0,0.0,0.0,0.0,0.0,0.0,0.0,0.0,0.0,0.0,0.0,0.0,0.0,0.0,0.0,0.0,0.0,0.0,0.0
2015-11-21 21:00:00,0.0,0.0,0.0,0.0,0.0,0.0,0.0,0.0,0.0,0.0,0.0,0.0,0.0,0.0,0.0,0.0,0.0,0.0,0.0,0.0,0.0,0.0
2015-11-21 22:00:00,0.0,0.0,0.0,0.0,0.0,0.0,0.0,0.0,0.0,0.0,0.0,0.0,0.0,0.0,0.0,0.0,0.0,0.0,0.0,0.0,0.0,0.0
2015-11-21 23:00:00,0.0,0.0,0.0,0.0,0.0,0.0,0.0,0.0,0.0,0.0,0.0,0.0,0.0,0.0,0.0,0.0,0.0,0.0,0.0,0.0,0.0,0.0
2015-11-22 00:00:00,0.0,0.0,0.0,0.0,0.0,0.0,0.0,0.0,0.0,0.0,0.0,0.0,0.0,0.0,0.0,0.0,0.0,0.0,0.0,0.0,0.0,0.0
2015-11-22 01:00:00,0.0,0.0,0.0,0.0,0.0,0.0,0.0,0.0,0.0,0.0,0.0,0.0,0.0,0.0,0.0,0.0,0.0,0.0,0.0,0.0,0.0,0.0
2015-11-22 02:00:00,0.0,0.0,0.0,0.0,0.0,0.0,0.0,0.0,0.0,0.0,0.0,0.0,0.0,0.0,0.0,0.0,0.0,0.0,0.0,0.0,0.0,0.0
2015-11-22 03:00:00,0.0,0.0,0.0,0.0,0.0,0.0,0.0,0.0,0.0,0.0,0.0,0.0,0.0,0.0,0.0,0.0,0.0,0.0,0.0,0.0,0.0,0.0
2015-11-22 04:00:00,0.0,0.0,0.0,0.0,0.0,0.0,0.0,0.0,0.0,0.0,0.0,0.0,0.0,0.0,0.0,0.0,0.0,0.0,0.0,0.0,0.0,0.0
2015-11-22 05:00:00,0.0,0.0,0.0,0.0,0.0,0.0,0.0,0.0,0.0,0.0,0.0,0.0,0.0,0.0,0.0,0.0,0.0,0.0,0.0,0.0,0.0,0.0
2015-11-22 06:00:00,0.0,0.0,0.0,0.0,0.0,0.0,0.0,0.0,0.0,0.0,0.0,0.0,0.0,0.0,0.0,0.0,0.0,0.0,0.0,0.0,0.0,0.0
2015-11-22 07:00:00,0.0,0.0,0.0,0.002,0.0,0.0,0.003,0.0,0.016,0.006,0.004,0.014,0.003,0.002,0.0,0.006,0.009,0.001,0.001,0.0,0.0,0.0
2015-11-22 08:00:00,0.016,0.001,0.029,0.063,0.141,0.027,0.027,0.054,0.056,0.053,0.044,0.065,0.017,0.025,0.037,0.05,0.044,0.028,0.114,0.031,0.0,0.091
2015-11-22 09:00:00,0.083,0.051,0.096,0.117,0.186,0.074,0.049,0.082,0.106,0.122,0.098,0.139,0.056,0.064,0.086,0.128,0.093,0.06,0.201,0.082,0.022,0.175
2015-11-22 10:00:00,0.169,0.124,0.125,0.161,0.274,0.116,0.086,0.237,0.141,0.153,0.12,0.221,0.09,0.137,0.111,0.147,0.133,0.084,0.193,0.145,0.164,0.209
2015-11-22 11:00:00,0.235,0.181,0.141,0.152,0.251,0.101,0.112,0.226,0.141,0.144,0.119,0.28,0.123,0.126,0.094,0.13,0.108,0.147,0.149,0.145,0.26,0.205
2015-11-22 12:00:00,0.263,0.204,0.147,0.158,0.311,0.104,0.093,0.362,0.129,0.112,0.085,0.239,0.144,0.103,0.074,0.084,0.133,0.102,0.142,0.152,0.3,0.171
2015-11-22 13:00:00,0.228,0.196,0.122,0.165,0.318,0.141,0.065,0.322,0.118,0.088,0.068,0.227,0.137,0.046,0.048,0.085,0.107,0.076,0.218,0.157,0.276,0.111
2015-11-22 14:00:00,0.161,0.152,0.062,0.09,0.177,0.064,0.041,0.172,0.057,0.055,0.026,0.102,0.072,0.011,0.025,0.04,0.059,0.036,0.134,0.081,0.18,0.064
2015-11-22 15:00:00,0.092,0.085,0.0,0.028,0.057,0.008,0.0,0.079,0.007,0.007,0.0,0.01,0.001,0.0,0.0,0.005,0.002,0.0,0.051,0.031,0.009,0.03
2015-11-22 16:00:00,0.0,0.014,0.0,0.0,0.0,0.0,0.0,0.0,0.0,0.0,0.0,0.0,0.0,0.0,0.0,0.0,0.0,0.0,0.0,0.0,0.0,0.0
2015-11-22 17:00:00,0.0,0.0,0.0,0.0,0.0,0.0,0.0,0.0,0.0,0.0,0.0,0.0,0.0,0.0,0.0,0.0,0.0,0.0,0.0,0.0,0.0,0.0
2015-11-22 18:00:00,0.0,0.0,0.0,0.0,0.0,0.0,0.0,0.0,0.0,0.0,0.0,0.0,0.0,0.0,0.0,0.0,0.0,0.0,0.0,0.0,0.0,0.0
2015-11-22 19:00:00,0.0,0.0,0.0,0.0,0.0,0.0,0.0,0.0,0.0,0.0,0.0,0.0,0.0,0.0,0.0,0.0,0.0,0.0,0.0,0.0,0.0,0.0
2015-11-22 20:00:00,0.0,0.0,0.0,0.0,0.0,0.0,0.0,0.0,0.0,0.0,0.0,0.0,0.0,0.0,0.0,0.0,0.0,0.0,0.0,0.0,0.0,0.0
2015-11-22 21:00:00,0.0,0.0,0.0,0.0,0.0,0.0,0.0,0.0,0.0,0.0,0.0,0.0,0.0,0.0,0.0,0.0,0.0,0.0,0.0,0.0,0.0,0.0
2015-11-22 22:00:00,0.0,0.0,0.0,0.0,0.0,0.0,0.0,0.0,0.0,0.0,0.0,0.0,0.0,0.0,0.0,0.0,0.0,0.0,0.0,0.0,0.0,0.0
2015-11-22 23:00:00,0.0,0.0,0.0,0.0,0.0,0.0,0.0,0.0,0.0,0.0,0.0,0.0,0.0,0.0,0.0,0.0,0.0,0.0,0.0,0.0,0.0,0.0
2015-11-23 00:00:00,0.0,0.0,0.0,0.0,0.0,0.0,0.0,0.0,0.0,0.0,0.0,0.0,0.0,0.0,0.0,0.0,0.0,0.0,0.0,0.0,0.0,0.0
2015-11-23 01:00:00,0.0,0.0,0.0,0.0,0.0,0.0,0.0,0.0,0.0,0.0,0.0,0.0,0.0,0.0,0.0,0.0,0.0,0.0,0.0,0.0,0.0,0.0
2015-11-23 02:00:00,0.0,0.0,0.0,0.0,0.0,0.0,0.0,0.0,0.0,0.0,0.0,0.0,0.0,0.0,0.0,0.0,0.0,0.0,0.0,0.0,0.0,0.0
2015-11-23 03:00:00,0.0,0.0,0.0,0.0,0.0,0.0,0.0,0.0,0.0,0.0,0.0,0.0,0.0,0.0,0.0,0.0,0.0,0.0,0.0,0.0,0.0,0.0
2015-11-23 04:00:00,0.0,0.0,0.0,0.0,0.0,0.0,0.0,0.0,0.0,0.0,0.0,0.0,0.0,0.0,0.0,0.0,0.0,0.0,0.0,0.0,0.0,0.0
2015-11-23 05:00:00,0.0,0.0,0.0,0.0,0.0,0.0,0.0,0.0,0.0,0.0,0.0,0.0,0.0,0.0,0.0,0.0,0.0,0.0,0.0,0.0,0.0,0.0
2015-11-23 06:00:00,0.0,0.0,0.0,0.0,0.0,0.0,0.0,0.0,0.0,0.0,0.0,0.0,0.0,0.0,0.0,0.0,0.0,0.0,0.0,0.0,0.0,0.0
2015-11-23 07:00:00,0.0,0.0,0.0,0.011,0.0,0.0,0.016,0.0,0.06,0.059,0.025,0.061,0.017,0.004,0.0,0.095,0.049,0.001,0.0,0.0,0.0,0.0
2015-11-23 08:00:00,0.081,0.002,0.013,0.129,0.133,0.169,0.091,0.116,0.218,0.251,0.13,0.247,0.07,0.042,0.071,0.273,0.177,0.077,0.174,0.026,0.0,0.168
2015-11-23 09:00:00,0.219,0.048,0.111,0.252,0.264,0.227,0.206,0.264,0.376,0.418,0.292,0.41,0.121,0.17,0.142,0.446,0.328,0.186,0.318,0.102,0.084,0.348
2015-11-23 10:00:00,0.342,0.109,0.178,0.305,0.303,0.238,0.219,0.318,0.468,0.513,0.264,0.495,0.16,0.256,0.17,0.542,0.334,0.21,0.402,0.181,0.252,0.48
2015-11-23 11:00:00,0.392,0.156,0.208,0.32,0.296,0.212,0.283,0.366,0.461,0.566,0.275,0.451,0.21,0.305,0.158,0.555,0.345,0.227,0.412,0.193,0.354,0.532
2015-11-23 12:00:00,0.358,0.171,0.208,0.272,0.305,0.212,0.217,0.295,0.395,0.464,0.195,0.337,0.225,0.268,0.177,0.384,0.335,0.174,0.323,0.225,0.392,0.509
2015-11-23 13:00:00,0.307,0.16,0.16,0.191,0.181,0.128,0.164,0.125,0.313,0.377,0.209,0.244,0.245,0.131,0.121,0.266,0.303,0.149,0.231,0.15,0.352,0.43
2015-11-23 14:00:00,0.241,0.128,0.075,0.106,0.125,0.07,0.069,0.099,0.174,0.153,0.089,0.167,0.151,0.058,0.066,0.133,0.166,0.054,0.137,0.071,0.226,0.297
2015-11-23 15:00:00,0.131,0.074,0.0,0.018,0.05,0.001,0.0,0.022,0.014,0.043,0.0,0.033,0.001,0.0,0.0,0.049,0.003,0.0,0.035,0.015,0.028,0.138
2015-11-23 16:00:00,0.0,0.009,0.0,0.0,0.0,0.0,0.0,0.0,0.0,0.0,0.0,0.0,0.0,0.0,0.0,0.0,0.0,0.0,0.0,0.0,0.0,0.0
2015-11-23 17:00:00,0.0,0.0,0.0,0.0,0.0,0.0,0.0,0.0,0.0,0.0,0.0,0.0,0.0,0.0,0.0,0.0,0.0,0.0,0.0,0.0,0.0,0.0
2015-11-23 18:00:00,0.0,0.0,0.0,0.0,0.0,0.0,0.0,0.0,0.0,0.0,0.0,0.0,0.0,0.0,0.0,0.0,0.0,0.0,0.0,0.0,0.0,0.0
2015-11-23 19:00:00,0.0,0.0,0.0,0.0,0.0,0.0,0.0,0.0,0.0,0.0,0.0,0.0,0.0,0.0,0.0,0.0,0.0,0.0,0.0,0.0,0.0,0.0
2015-11-23 20:00:00,0.0,0.0,0.0,0.0,0.0,0.0,0.0,0.0,0.0,0.0,0.0,0.0,0.0,0.0,0.0,0.0,0.0,0.0,0.0,0.0,0.0,0.0
2015-11-23 21:00:00,0.0,0.0,0.0,0.0,0.0,0.0,0.0,0.0,0.0,0.0,0.0,0.0,0.0,0.0,0.0,0.0,0.0,0.0,0.0,0.0,0.0,0.0
2015-11-23 22:00:00,0.0,0.0,0.0,0.0,0.0,0.0,0.0,0.0,0.0,0.0,0.0,0.0,0.0,0.0,0.0,0.0,0.0,0.0,0.0,0.0,0.0,0.0
2015-11-23 23:00:00,0.0,0.0,0.0,0.0,0.0,0.0,0.0,0.0,0.0,0.0,0.0,0.0,0.0,0.0,0.0,0.0,0.0,0.0,0.0,0.0,0.0,0.0
2015-11-24 00:00:00,0.0,0.0,0.0,0.0,0.0,0.0,0.0,0.0,0.0,0.0,0.0,0.0,0.0,0.0,0.0,0.0,0.0,0.0,0.0,0.0,0.0,0.0
2015-11-24 01:00:00,0.0,0.0,0.0,0.0,0.0,0.0,0.0,0.0,0.0,0.0,0.0,0.0,0.0,0.0,0.0,0.0,0.0,0.0,0.0,0.0,0.0,0.0
2015-11-24 02:00:00,0.0,0.0,0.0,0.0,0.0,0.0,0.0,0.0,0.0,0.0,0.0,0.0,0.0,0.0,0.0,0.0,0.0,0.0,0.0,0.0,0.0,0.0
2015-11-24 03:00:00,0.0,0.0,0.0,0.0,0.0,0.0,0.0,0.0,0.0,0.0,0.0,0.0,0.0,0.0,0.0,0.0,0.0,0.0,0.0,0.0,0.0,0.0
2015-11-24 04:00:00,0.0,0.0,0.0,0.0,0.0,0.0,0.0,0.0,0.0,0.0,0.0,0.0,0.0,0.0,0.0,0.0,0.0,0.0,0.0,0.0,0.0,0.0
2015-11-24 05:00:00,0.0,0.0,0.0,0.0,0.0,0.0,0.0,0.0,0.0,0.0,0.0,0.0,0.0,0.0,0.0,0.0,0.0,0.0,0.0,0.0,0.0,0.0
2015-11-24 06:00:00,0.0,0.0,0.0,0.0,0.0,0.0,0.0,0.0,0.0,0.0,0.0,0.0,0.0,0.0,0.0,0.0,0.0,0.0,0.0,0.0,0.0,0.0
2015-11-24 07:00:00,0.0,0.0,0.0,0.008,0.0,0.0,0.036,0.0,0.006,0.057,0.015,0.02,0.056,0.021,0.0,0.015,0.024,0.001,0.0,0.0,0.0,0.0
2015-11-24 08:00:00,0.072,0.002,0.039,0.119,0.155,0.161,0.086,0.159,0.043,0.168,0.067,0.169,0.148,0.12,0.138,0.077,0.053,0.1,0.133,0.075,0.0,0.178
2015-11-24 09:00:00,0.196,0.058,0.188,0.24,0.358,0.305,0.126,0.351,0.146,0.283,0.12,0.375,0.231,0.167,0.164,0.183,0.145,0.201,0.27,0.223,0.004,0.364
2015-11-24 10:00:00,0.32,0.123,0.298,0.337,0.476,0.384,0.229,0.498,0.265,0.346,0.171,0.528,0.265,0.145,0.198,0.307,0.241,0.29,0.377,0.362,0.02,0.499
2015-11-24 11:00:00,0.421,0.175,0.323,0.389,0.515,0.442,0.157,0.544,0.312,0.428,0.196,0.567,0.276,0.166,0.179,0.469,0.272,0.377,0.476,0.428,0.032,0.558
2015-11-24 12:00:00,0.44,0.199,0.274,0.364,0.518,0.379,0.119,0.518,0.334,0.446,0.141,0.536,0.208,0.115,0.189,0.421,0.16,0.282,0.468,0.451,0.035,0.553
2015-11-24 13:00:00,0.375,0.185,0.209,0.296,0.426,0.306,0.068,0.424,0.237,0.359,0.118,0.46,0.145,0.067,0.215,0.376,0.079,0.189,0.403,0.341,0.025,0.48
2015-11-24 14:00:00,0.277,0.137,0.115,0.185,0.28,0.207,0.039,0.256,0.183,0.218,0.082,0.29,0.091,0.031,0.137,0.249,0.075,0.099,0.243,0.216,0.009,0.343
2015-11-24 15:00:00,0.154,0.07,0.0,0.047,0.108,0.0,0.0,0.098,0.026,0.076,0.0,0.108,0.0,0.0,0.0,0.104,0.002,0.0,0.073,0.062,0.0,0.174
2015-11-24 16:00:00,0.0,0.008,0.0,0.0,0.0,0.0,0.0,0.0,0.0,0.0,0.0,0.0,0.0,0.0,0.0,0.0,0.0,0.0,0.0,0.0,0.0,0.0
2015-11-24 17:00:00,0.0,0.0,0.0,0.0,0.0,0.0,0.0,0.0,0.0,0.0,0.0,0.0,0.0,0.0,0.0,0.0,0.0,0.0,0.0,0.0,0.0,0.0
2015-11-24 18:00:00,0.0,0.0,0.0,0.0,0.0,0.0,0.0,0.0,0.0,0.0,0.0,0.0,0.0,0.0,0.0,0.0,0.0,0.0,0.0,0.0,0.0,0.0
2015-11-24 19:00:00,0.0,0.0,0.0,0.0,0.0,0.0,0.0,0.0,0.0,0.0,0.0,0.0,0.0,0.0,0.0,0.0,0.0,0.0,0.0,0.0,0.0,0.0
2015-11-24 20:00:00,0.0,0.0,0.0,0.0,0.0,0.0,0.0,0.0,0.0,0.0,0.0,0.0,0.0,0.0,0.0,0.0,0.0,0.0,0.0,0.0,0.0,0.0
2015-11-24 21:00:00,0.0,0.0,0.0,0.0,0.0,0.0,0.0,0.0,0.0,0.0,0.0,0.0,0.0,0.0,0.0,0.0,0.0,0.0,0.0,0.0,0.0,0.0
2015-11-24 22:00:00,0.0,0.0,0.0,0.0,0.0,0.0,0.0,0.0,0.0,0.0,0.0,0.0,0.0,0.0,0.0,0.0,0.0,0.0,0.0,0.0,0.0,0.0
2015-11-24 23:00:00,0.0,0.0,0.0,0.0,0.0,0.0,0.0,0.0,0.0,0.0,0.0,0.0,0.0,0.0,0.0,0.0,0.0,0.0,0.0,0.0,0.0,0.0
2015-11-25 00:00:00,0.0,0.0,0.0,0.0,0.0,0.0,0.0,0.0,0.0,0.0,0.0,0.0,0.0,0.0,0.0,0.0,0.0,0.0,0.0,0.0,0.0,0.0
2015-11-25 01:00:00,0.0,0.0,0.0,0.0,0.0,0.0,0.0,0.0,0.0,0.0,0.0,0.0,0.0,0.0,0.0,0.0,0.0,0.0,0.0,0.0,0.0,0.0
2015-11-25 02:00:00,0.0,0.0,0.0,0.0,0.0,0.0,0.0,0.0,0.0,0.0,0.0,0.0,0.0,0.0,0.0,0.0,0.0,0.0,0.0,0.0,0.0,0.0
2015-11-25 03:00:00,0.0,0.0,0.0,0.0,0.0,0.0,0.0,0.0,0.0,0.0,0.0,0.0,0.0,0.0,0.0,0.0,0.0,0.0,0.0,0.0,0.0,0.0
2015-11-25 04:00:00,0.0,0.0,0.0,0.0,0.0,0.0,0.0,0.0,0.0,0.0,0.0,0.0,0.0,0.0,0.0,0.0,0.0,0.0,0.0,0.0,0.0,0.0
2015-11-25 05:00:00,0.0,0.0,0.0,0.0,0.0,0.0,0.0,0.0,0.0,0.0,0.0,0.0,0.0,0.0,0.0,0.0,0.0,0.0,0.0,0.0,0.0,0.0
2015-11-25 06:00:00,0.0,0.0,0.0,0.0,0.0,0.0,0.0,0.0,0.0,0.0,0.0,0.0,0.0,0.0,0.0,0.0,0.0,0.0,0.0,0.0,0.0,0.0
2015-11-25 07:00:00,0.0,0.0,0.0,0.027,0.0,0.0,0.106,0.0,0.058,0.115,0.07,0.008,0.129,0.088,0.0,0.102,0.112,0.004,0.0,0.0,0.0,0.0
2015-11-25 08:00:00,0.043,0.0,0.051,0.146,0.048,0.178,0.288,0.015,0.252,0.306,0.259,0.181,0.325,0.234,0.081,0.265,0.299,0.226,0.105,0.015,0.0,0.164
2015-11-25 09:00:00,0.115,0.018,0.239,0.251,0.092,0.347,0.438,0.054,0.422,0.477,0.422,0.325,0.489,0.396,0.155,0.445,0.468,0.386,0.187,0.044,0.0,0.34
2015-11-25 10:00:00,0.195,0.05,0.383,0.322,0.224,0.382,0.542,0.098,0.522,0.572,0.522,0.404,0.575,0.465,0.244,0.542,0.555,0.487,0.238,0.059,0.012,0.475
2015-11-25 11:00:00,0.255,0.084,0.444,0.331,0.237,0.285,0.563,0.128,0.537,0.594,0.547,0.413,0.595,0.494,0.252,0.567,0.586,0.517,0.24,0.069,0.024,0.532
2015-11-25 12:00:00,0.255,0.102,0.422,0.298,0.239,0.197,0.517,0.192,0.472,0.553,0.5,0.344,0.543,0.46,0.226,0.518,0.538,0.473,0.182,0.059,0.028,0.516
2015-11-25 13:00:00,0.2,0.089,0.329,0.236,0.191,0.126,0.389,0.158,0.37,0.444,0.378,0.245,0.421,0.337,0.144,0.414,0.421,0.352,0.183,0.058,0.02,0.451
2015-11-25 14:00:00,0.123,0.063,0.178,0.125,0.087,0.089,0.202,0.043,0.213,0.266,0.2,0.095,0.233,0.174,0.053,0.236,0.239,0.169,0.12,0.024,0.008,0.322
2015-11-25 15:00:00,0.046,0.033,0.0,0.013,0.036,0.0,0.0,0.003,0.011,0.082,0.0,0.029,0.0,0.0,0.0,0.072,0.0,0.0,0.025,0.0,0.0,0.149
2015-11-25 16:00:00,0.0,0.003,0.0,0.0,0.0,0.0,0.0,0.0,0.0,0.0,0.0,0.0,0.0,0.0,0.0,0.0,0.0,0.0,0.0,0.0,0.0,0.0
2015-11-25 17:00:00,0.0,0.0,0.0,0.0,0.0,0.0,0.0,0.0,0.0,0.0,0.0,0.0,0.0,0.0,0.0,0.0,0.0,0.0,0.0,0.0,0.0,0.0
2015-11-25 18:00:00,0.0,0.0,0.0,0.0,0.0,0.0,0.0,0.0,0.0,0.0,0.0,0.0,0.0,0.0,0.0,0.0,0.0,0.0,0.0,0.0,0.0,0.0
2015-11-25 19:00:00,0.0,0.0,0.0,0.0,0.0,0.0,0.0,0.0,0.0,0.0,0.0,0.0,0.0,0.0,0.0,0.0,0.0,0.0,0.0,0.0,0.0,0.0
2015-11-25 20:00:00,0.0,0.0,0.0,0.0,0.0,0.0,0.0,0.0,0.0,0.0,0.0,0.0,0.0,0.0,0.0,0.0,0.0,0.0,0.0,0.0,0.0,0.0
2015-11-25 21:00:00,0.0,0.0,0.0,0.0,0.0,0.0,0.0,0.0,0.0,0.0,0.0,0.0,0.0,0.0,0.0,0.0,0.0,0.0,0.0,0.0,0.0,0.0
2015-11-25 22:00:00,0.0,0.0,0.0,0.0,0.0,0.0,0.0,0.0,0.0,0.0,0.0,0.0,0.0,0.0,0.0,0.0,0.0,0.0,0.0,0.0,0.0,0.0
2015-11-25 23:00:00,0.0,0.0,0.0,0.0,0.0,0.0,0.0,0.0,0.0,0.0,0.0,0.0,0.0,0.0,0.0,0.0,0.0,0.0,0.0,0.0,0.0,0.0
