hour,PL,PL dolnośląskie,PL kujawsko-pomorskie,PL lubelskie,PL lubuskie,PL łódzkie,PL małopolskie,PL mazowieckie,PL opolskie,PL podkarpackie,PL podlaskie,PL pomorskie,PL śląskie,PL świętokrzyskie,PL warmińsko-mazurskie,PL wielkopolskie,PL zachodniopomorskie
2012-02-26 00:00:00,0.0,0.0,0.0,0.0,0.0,0.0,0.0,0.0,0.0,0.0,0.0,0.0,0.0,0.0,0.0,0.0,0.0
2012-02-26 01:00:00,0.0,0.0,0.0,0.0,0.0,0.0,0.0,0.0,0.0,0.0,0.0,0.0,0.0,0.0,0.0,0.0,0.0
2012-02-26 02:00:00,0.0,0.0,0.0,0.0,0.0,0.0,0.0,0.0,0.0,0.0,0.0,0.0,0.0,0.0,0.0,0.0,0.0
2012-02-26 03:00:00,0.0,0.0,0.0,0.0,0.0,0.0,0.0,0.0,0.0,0.0,0.0,0.0,0.0,0.0,0.0,0.0,0.0
2012-02-26 04:00:00,0.0,0.0,0.0,0.0,0.0,0.0,0.0,0.0,0.0,0.0,0.0,0.0,0.0,0.0,0.0,0.0,0.0
2012-02-26 05:00:00,0.0,0.0,0.0,0.0,0.0,0.0,0.0,0.0,0.0,0.0,0.0,0.0,0.0,0.0,0.0,0.0,0.0
2012-02-26 06:00:00,0.0,0.0,0.0,0.001,0.0,0.0,0.0,0.0,0.0,0.0,0.0,0.0,0.0,0.0,0.0,0.0,0.0
2012-02-26 07:00:00,0.142,0.08,0.192,0.075,0.104,0.171,0.066,0.113,0.164,0.051,0.053,0.139,0.167,0.091,0.132,0.205,0.18
2012-02-26 08:00:00,0.281,0.163,0.37,0.204,0.151,0.331,0.272,0.302,0.256,0.269,0.241,0.277,0.346,0.285,0.31,0.327,0.329
2012-02-26 09:00:00,0.362,0.271,0.432,0.363,0.298,0.445,0.365,0.4,0.296,0.352,0.369,0.335,0.401,0.377,0.384,0.355,0.414
2012-02-26 10:00:00,0.371,0.216,0.393,0.411,0.323,0.425,0.368,0.42,0.321,0.346,0.36,0.352,0.38,0.423,0.378,0.391,0.41
2012-02-26 11:00:00,0.33,0.248,0.304,0.342,0.323,0.371,0.386,0.339,0.297,0.336,0.296,0.302,0.348,0.366,0.329,0.342,0.373
2012-02-26 12:00:00,0.252,0.245,0.211,0.24,0.279,0.272,0.277,0.246,0.244,0.251,0.205,0.225,0.264,0.269,0.226,0.265,0.281
2012-02-26 13:00:00,0.15,0.177,0.139,0.126,0.17,0.151,0.16,0.124,0.163,0.144,0.124,0.134,0.153,0.139,0.129,0.16,0.156
2012-02-26 14:00:00,0.079,0.085,0.095,0.082,0.078,0.085,0.1,0.07,0.081,0.089,0.077,0.082,0.091,0.08,0.075,0.08,0.061
2012-02-26 15:00:00,0.052,0.061,0.051,0.05,0.056,0.06,0.06,0.046,0.057,0.053,0.043,0.049,0.062,0.056,0.044,0.054,0.045
2012-02-26 16:00:00,0.018,0.026,0.017,0.009,0.024,0.017,0.02,0.012,0.023,0.012,0.008,0.016,0.02,0.014,0.011,0.022,0.02
2012-02-26 17:00:00,0.0,0.0,0.0,0.0,0.0,0.0,0.0,0.0,0.0,0.0,0.0,0.0,0.0,0.0,0.0,0.0,0.0
2012-02-26 18:00:00,0.0,0.0,0.0,0.0,0.0,0.0,0.0,0.0,0.0,0.0,0.0,0.0,0.0,0.0,0.0,0.0,0.0
2012-02-26 19:00:00,0.0,0.0,0.0,0.0,0.0,0.0,0.0,0.0,0.0,0.0,0.0,0.0,0.0,0.0,0.0,0.0,0.0
2012-02-26 20:00:00,0.0,0.0,0.0,0.0,0.0,0.0,0.0,0.0,0.0,0.0,0.0,0.0,0.0,0.0,0.0,0.0,0.0
2012-02-26 21:00:00,0.0,0.0,0.0,0.0,0.0,0.0,0.0,0.0,0.0,0.0,0.0,0.0,0.0,0.0,0.0,0.0,0.0
2012-02-26 22:00:00,0.0,0.0,0.0,0.0,0.0,0.0,0.0,0.0,0.0,0.0,0.0,0.0,0.0,0.0,0.0,0.0,0.0
2012-02-26 23:00:00,0.0,0.0,0.0,0.0,0.0,0.0,0.0,0.0,0.0,0.0,0.0,0.0,0.0,0.0,0.0,0.0,0.0
2012-02-27 00:00:00,0.0,0.0,0.0,0.0,0.0,0.0,0.0,0.0,0.0,0.0,0.0,0.0,0.0,0.0,0.0,0.0,0.0
2012-02-27 01:00:00,0.0,0.0,0.0,0.0,0.0,0.0,0.0,0.0,0.0,0.0,0.0,0.0,0.0,0.0,0.0,0.0,0.0
2012-02-27 02:00:00,0.0,0.0,0.0,0.0,0.0,0.0,0.0,0.0,0.0,0.0,0.0,0.0,0.0,0.0,0.0,0.0,0.0
2012-02-27 03:00:00,0.0,0.0,0.0,0.0,0.0,0.0,0.0,0.0,0.0,0.0,0.0,0.0,0.0,0.0,0.0,0.0,0.0
2012-02-27 04:00:00,0.0,0.0,0.0,0.0,0.0,0.0,0.0,0.0,0.0,0.0,0.0,0.0,0.0,0.0,0.0,0.0,0.0
2012-02-27 05:00:00,0.0,0.0,0.0,0.0,0.0,0.0,0.0,0.0,0.0,0.0,0.0,0.0,0.0,0.0,0.0,0.0,0.0
2012-02-27 06:00:00,0.001,0.0,0.0,0.013,0.0,0.0,0.0,0.0,0.0,0.013,0.0,0.0,0.0,0.0,0.0,0.0,0.0
2012-02-27 07:00:00,0.205,0.209,0.213,0.159,0.207,0.207,0.112,0.191,0.24,0.171,0.2,0.179,0.242,0.15,0.214,0.23,0.206
2012-02-27 08:00:00,0.367,0.366,0.387,0.324,0.387,0.355,0.238,0.345,0.37,0.383,0.378,0.328,0.354,0.324,0.364,0.392,0.374
2012-02-27 09:00:00,0.426,0.468,0.453,0.372,0.472,0.417,0.378,0.416,0.439,0.385,0.393,0.393,0.363,0.316,0.407,0.438,0.456
2012-02-27 10:00:00,0.413,0.45,0.382,0.376,0.479,0.393,0.354,0.429,0.382,0.412,0.387,0.404,0.381,0.38,0.419,0.405,0.428
2012-02-27 11:00:00,0.351,0.375,0.359,0.351,0.383,0.344,0.275,0.363,0.34,0.37,0.331,0.348,0.316,0.349,0.356,0.361,0.3
2012-02-27 12:00:00,0.263,0.303,0.236,0.265,0.279,0.274,0.277,0.258,0.291,0.279,0.234,0.246,0.276,0.269,0.247,0.271,0.23
2012-02-27 13:00:00,0.164,0.191,0.156,0.137,0.195,0.168,0.18,0.136,0.189,0.14,0.138,0.156,0.177,0.152,0.133,0.175,0.168
2012-02-27 14:00:00,0.111,0.124,0.102,0.088,0.138,0.101,0.131,0.082,0.124,0.088,0.101,0.109,0.128,0.095,0.089,0.118,0.124
2012-02-27 15:00:00,0.072,0.093,0.072,0.053,0.093,0.064,0.065,0.052,0.078,0.066,0.061,0.067,0.07,0.064,0.051,0.078,0.076
2012-02-27 16:00:00,0.023,0.035,0.025,0.011,0.029,0.02,0.025,0.014,0.032,0.015,0.009,0.022,0.025,0.017,0.013,0.028,0.018
2012-02-27 17:00:00,0.0,0.0,0.0,0.0,0.0,0.0,0.0,0.0,0.0,0.0,0.0,0.0,0.0,0.0,0.0,0.0,0.0
2012-02-27 18:00:00,0.0,0.0,0.0,0.0,0.0,0.0,0.0,0.0,0.0,0.0,0.0,0.0,0.0,0.0,0.0,0.0,0.0
2012-02-27 19:00:00,0.0,0.0,0.0,0.0,0.0,0.0,0.0,0.0,0.0,0.0,0.0,0.0,0.0,0.0,0.0,0.0,0.0
2012-02-27 20:00:00,0.0,0.0,0.0,0.0,0.0,0.0,0.0,0.0,0.0,0.0,0.0,0.0,0.0,0.0,0.0,0.0,0.0
2012-02-27 21:00:00,0.0,0.0,0.0,0.0,0.0,0.0,0.0,0.0,0.0,0.0,0.0,0.0,0.0,0.0,0.0,0.0,0.0
2012-02-27 22:00:00,0.0,0.0,0.0,0.0,0.0,0.0,0.0,0.0,0.0,0.0,0.0,0.0,0.0,0.0,0.0,0.0,0.0
2012-02-27 23:00:00,0.0,0.0,0.0,0.0,0.0,0.0,0.0,0.0,0.0,0.0,0.0,0.0,0.0,0.0,0.0,0.0,0.0
2012-02-28 00:00:00,0.0,0.0,0.0,0.0,0.0,0.0,0.0,0.0,0.0,0.0,0.0,0.0,0.0,0.0,0.0,0.0,0.0
2012-02-28 01:00:00,0.0,0.0,0.0,0.0,0.0,0.0,0.0,0.0,0.0,0.0,0.0,0.0,0.0,0.0,0.0,0.0,0.0
2012-02-28 02:00:00,0.0,0.0,0.0,0.0,0.0,0.0,0.0,0.0,0.0,0.0,0.0,0.0,0.0,0.0,0.0,0.0,0.0
2012-02-28 03:00:00,0.0,0.0,0.0,0.0,0.0,0.0,0.0,0.0,0.0,0.0,0.0,0.0,0.0,0.0,0.0,0.0,0.0
2012-02-28 04:00:00,0.0,0.0,0.0,0.0,0.0,0.0,0.0,0.0,0.0,0.0,0.0,0.0,0.0,0.0,0.0,0.0,0.0
2012-02-28 05:00:00,0.0,0.0,0.0,0.0,0.0,0.0,0.0,0.0,0.0,0.0,0.0,0.0,0.0,0.0,0.0,0.0,0.0
2012-02-28 06:00:00,0.009,0.0,0.0,0.086,0.0,0.0,0.0,0.0,0.0,0.124,0.007,0.0,0.0,0.0,0.0,0.0,0.0
2012-02-28 07:00:00,0.039,0.003,0.009,0.185,0.0,0.062,0.121,0.085,0.009,0.247,0.073,0.003,0.036,0.161,0.028,0.006,0.0
2012-02-28 08:00:00,0.059,0.014,0.014,0.265,0.007,0.093,0.128,0.108,0.028,0.308,0.128,0.007,0.066,0.212,0.053,0.015,0.004
2012-02-28 09:00:00,0.07,0.022,0.02,0.288,0.013,0.075,0.148,0.134,0.047,0.38,0.141,0.016,0.068,0.24,0.07,0.017,0.011
2012-02-28 10:00:00,0.068,0.023,0.031,0.244,0.013,0.087,0.123,0.117,0.043,0.327,0.154,0.021,0.078,0.201,0.083,0.022,0.016
2012-02-28 11:00:00,0.074,0.034,0.033,0.249,0.024,0.085,0.149,0.135,0.054,0.261,0.192,0.023,0.099,0.191,0.086,0.026,0.022
2012-02-28 12:00:00,0.065,0.028,0.023,0.231,0.023,0.073,0.157,0.11,0.044,0.226,0.145,0.023,0.079,0.17,0.065,0.023,0.033
2012-02-28 13:00:00,0.043,0.019,0.018,0.164,0.011,0.048,0.102,0.074,0.029,0.199,0.081,0.023,0.053,0.128,0.036,0.011,0.022
2012-02-28 14:00:00,0.028,0.015,0.009,0.101,0.01,0.026,0.062,0.032,0.023,0.129,0.032,0.024,0.035,0.063,0.019,0.01,0.032
2012-02-28 15:00:00,0.014,0.007,0.005,0.04,0.006,0.011,0.031,0.013,0.01,0.067,0.008,0.022,0.019,0.029,0.008,0.005,0.018
2012-02-28 16:00:00,0.002,0.001,0.001,0.003,0.001,0.001,0.005,0.001,0.001,0.009,0.0,0.005,0.001,0.002,0.0,0.001,0.005
2012-02-28 17:00:00,0.0,0.0,0.0,0.0,0.0,0.0,0.0,0.0,0.0,0.0,0.0,0.0,0.0,0.0,0.0,0.0,0.0
2012-02-28 18:00:00,0.0,0.0,0.0,0.0,0.0,0.0,0.0,0.0,0.0,0.0,0.0,0.0,0.0,0.0,0.0,0.0,0.0
2012-02-28 19:00:00,0.0,0.0,0.0,0.0,0.0,0.0,0.0,0.0,0.0,0.0,0.0,0.0,0.0,0.0,0.0,0.0,0.0
2012-02-28 20:00:00,0.0,0.0,0.0,0.0,0.0,0.0,0.0,0.0,0.0,0.0,0.0,0.0,0.0,0.0,0.0,0.0,0.0
2012-02-28 21:00:00,0.0,0.0,0.0,0.0,0.0,0.0,0.0,0.0,0.0,0.0,0.0,0.0,0.0,0.0,0.0,0.0,0.0
2012-02-28 22:00:00,0.0,0.0,0.0,0.0,0.0,0.0,0.0,0.0,0.0,0.0,0.0,0.0,0.0,0.0,0.0,0.0,0.0
2012-02-28 23:00:00,0.0,0.0,0.0,0.0,0.0,0.0,0.0,0.0,0.0,0.0,0.0,0.0,0.0,0.0,0.0,0.0,0.0
2012-03-01 00:00:00,0.0,0.0,0.0,0.0,0.0,0.0,0.0,0.0,0.0,0.0,0.0,0.0,0.0,0.0,0.0,0.0,0.0
2012-03-01 01:00:00,0.0,0.0,0.0,0.0,0.0,0.0,0.0,0.0,0.0,0.0,0.0,0.0,0.0,0.0,0.0,0.0,0.0
2012-03-01 02:00:00,0.0,0.0,0.0,0.0,0.0,0.0,0.0,0.0,0.0,0.0,0.0,0.0,0.0,0.0,0.0,0.0,0.0
2012-03-01 03:00:00,0.0,0.0,0.0,0.0,0.0,0.0,0.0,0.0,0.0,0.0,0.0,0.0,0.0,0.0,0.0,0.0,0.0
2012-03-01 04:00:00,0.0,0.0,0.0,0.0,0.0,0.0,0.0,0.0,0.0,0.0,0.0,0.0,0.0,0.0,0.0,0.0,0.0
2012-03-01 05:00:00,0.0,0.0,0.0,0.0,0.0,0.0,0.0,0.0,0.0,0.0,0.0,0.0,0.0,0.0,0.0,0.0,0.0
2012-03-01 06:00:00,0.001,0.0,0.0,0.006,0.0,0.0,0.0,0.001,0.0,0.006,0.02,0.0,0.0,0.0,0.0,0.0,0.0
2012-03-01 07:00:00,0.065,0.021,0.092,0.017,0.003,0.082,0.044,0.179,0.057,0.016,0.14,0.125,0.033,0.031,0.259,0.025,0.007
2012-03-01 08:00:00,0.122,0.069,0.164,0.057,0.023,0.15,0.117,0.297,0.158,0.039,0.21,0.215,0.083,0.057,0.404,0.06,0.03
2012-03-01 09:00:00,0.18,0.081,0.195,0.152,0.036,0.252,0.209,0.379,0.218,0.162,0.294,0.299,0.18,0.227,0.455,0.105,0.066
2012-03-01 10:00:00,0.197,0.115,0.218,0.166,0.077,0.274,0.272,0.342,0.198,0.2,0.245,0.294,0.245,0.237,0.432,0.141,0.094
2012-03-01 11:00:00,0.195,0.112,0.228,0.217,0.089,0.319,0.244,0.321,0.166,0.195,0.247,0.251,0.273,0.239,0.363,0.148,0.091
2012-03-01 12:00:00,0.163,0.106,0.185,0.165,0.113,0.262,0.2,0.235,0.177,0.211,0.179,0.189,0.258,0.198,0.244,0.13,0.096
2012-03-01 13:00:00,0.108,0.092,0.11,0.122,0.087,0.137,0.157,0.117,0.128,0.135,0.106,0.1,0.157,0.136,0.103,0.108,0.08
2012-03-01 14:00:00,0.068,0.067,0.073,0.088,0.069,0.065,0.089,0.061,0.073,0.082,0.06,0.058,0.072,0.083,0.061,0.072,0.055
2012-03-01 15:00:00,0.042,0.043,0.042,0.048,0.039,0.047,0.056,0.043,0.052,0.049,0.041,0.035,0.052,0.052,0.041,0.041,0.032
2012-03-01 16:00:00,0.011,0.012,0.01,0.009,0.011,0.016,0.02,0.013,0.014,0.011,0.009,0.008,0.02,0.015,0.011,0.01,0.011
2012-03-01 17:00:00,0.0,0.0,0.0,0.0,0.0,0.0,0.0,0.0,0.0,0.0,0.0,0.0,0.0,0.0,0.0,0.0,0.0
2012-03-01 18:00:00,0.0,0.0,0.0,0.0,0.0,0.0,0.0,0.0,0.0,0.0,0.0,0.0,0.0,0.0,0.0,0.0,0.0
2012-03-01 19:00:00,0.0,0.0,0.0,0.0,0.0,0.0,0.0,0.0,0.0,0.0,0.0,0.0,0.0,0.0,0.0,0.0,0.0
2012-03-01 20:00:00,0.0,0.0,0.0,0.0,0.0,0.0,0.0,0.0,0.0,0.0,0.0,0.0,0.0,0.0,0.0,0.0,0.0
2012-03-01 21:00:00,0.0,0.0,0.0,0.0,0.0,0.0,0.0,0.0,0.0,0.0,0.0,0.0,0.0,0.0,0.0,0.0,0.0
2012-03-01 22:00:00,0.0,0.0,0.0,0.0,0.0,0.0,0.0,0.0,0.0,0.0,0.0,0.0,0.0,0.0,0.0,0.0,0.0
2012-03-01 23:00:00,0.0,0.0,0.0,0.0,0.0,0.0,0.0,0.0,0.0,0.0,0.0,0.0,0.0,0.0,0.0,0.0,0.0
2012-03-02 00:00:00,0.0,0.0,0.0,0.0,0.0,0.0,0.0,0.0,0.0,0.0,0.0,0.0,0.0,0.0,0.0,0.0,0.0
2012-03-02 01:00:00,0.0,0.0,0.0,0.0,0.0,0.0,0.0,0.0,0.0,0.0,0.0,0.0,0.0,0.0,0.0,0.0,0.0
2012-03-02 02:00:00,0.0,0.0,0.0,0.0,0.0,0.0,0.0,0.0,0.0,0.0,0.0,0.0,0.0,0.0,0.0,0.0,0.0
2012-03-02 03:00:00,0.0,0.0,0.0,0.0,0.0,0.0,0.0,0.0,0.0,0.0,0.0,0.0,0.0,0.0,0.0,0.0,0.0
2012-03-02 04:00:00,0.0,0.0,0.0,0.0,0.0,0.0,0.0,0.0,0.0,0.0,0.0,0.0,0.0,0.0,0.0,0.0,0.0
2012-03-02 05:00:00,0.0,0.0,0.0,0.0,0.0,0.0,0.0,0.0,0.0,0.0,0.0,0.0,0.0,0.0,0.0,0.0,0.0
2012-03-02 06:00:00,0.008,0.0,0.0,0.054,0.0,0.0,0.001,0.005,0.0,0.089,0.037,0.0,0.0,0.001,0.0,0.0,0.0
2012-03-02 07:00:00,0.018,0.003,0.003,0.11,0.002,0.006,0.045,0.017,0.004,0.173,0.055,0.004,0.005,0.02,0.007,0.002,0.002
2012-03-02 08:00:00,0.042,0.015,0.012,0.246,0.01,0.019,0.049,0.042,0.023,0.249,0.091,0.019,0.023,0.079,0.034,0.011,0.012
2012-03-02 09:00:00,0.056,0.05,0.019,0.245,0.043,0.038,0.06,0.053,0.034,0.259,0.073,0.042,0.045,0.065,0.046,0.021,0.033
2012-03-02 10:00:00,0.059,0.054,0.031,0.238,0.036,0.041,0.06,0.07,0.036,0.284,0.057,0.066,0.041,0.077,0.05,0.021,0.033
2012-03-02 11:00:00,0.065,0.039,0.061,0.185,0.035,0.057,0.114,0.058,0.038,0.25,0.049,0.071,0.063,0.096,0.054,0.046,0.053
2012-03-02 12:00:00,0.051,0.039,0.044,0.119,0.047,0.037,0.093,0.046,0.036,0.183,0.05,0.049,0.037,0.072,0.049,0.031,0.046
2012-03-02 13:00:00,0.04,0.041,0.026,0.082,0.048,0.024,0.066,0.032,0.038,0.113,0.04,0.039,0.024,0.052,0.033,0.023,0.05
2012-03-02 14:00:00,0.026,0.032,0.012,0.042,0.037,0.01,0.04,0.014,0.027,0.058,0.023,0.027,0.016,0.025,0.018,0.015,0.043
2012-03-02 15:00:00,0.015,0.017,0.007,0.014,0.033,0.002,0.018,0.003,0.008,0.022,0.009,0.013,0.006,0.007,0.007,0.011,0.041
2012-03-02 16:00:00,0.004,0.004,0.002,0.001,0.009,0.0,0.001,0.0,0.001,0.003,0.0,0.005,0.0,0.0,0.0,0.003,0.015
2012-03-02 17:00:00,0.0,0.0,0.0,0.0,0.0,0.0,0.0,0.0,0.0,0.0,0.0,0.0,0.0,0.0,0.0,0.0,0.0
2012-03-02 18:00:00,0.0,0.0,0.0,0.0,0.0,0.0,0.0,0.0,0.0,0.0,0.0,0.0,0.0,0.0,0.0,0.0,0.0
2012-03-02 19:00:00,0.0,0.0,0.0,0.0,0.0,0.0,0.0,0.0,0.0,0.0,0.0,0.0,0.0,0.0,0.0,0.0,0.0
2012-03-02 20:00:00,0.0,0.0,0.0,0.0,0.0,0.0,0.0,0.0,0.0,0.0,0.0,0.0,0.0,0.0,0.0,0.0,0.0
2012-03-02 21:00:00,0.0,0.0,0.0,0.0,0.0,0.0,0.0,0.0,0.0,0.0,0.0,0.0,0.0,0.0,0.0,0.0,0.0
2012-03-02 22:00:00,0.0,0.0,0.0,0.0,0.0,0.0,0.0,0.0,0.0,0.0,0.0,0.0,0.0,0.0,0.0,0.0,0.0
2012-03-02 23:00:00,0.0,0.0,0.0,0.0,0.0,0.0,0.0,0.0,0.0,0.0,0.0,0.0,0.0,0.0,0.0,0.0,0.0
2012-03-03 00:00:00,0.0,0.0,0.0,0.0,0.0,0.0,0.0,0.0,0.0,0.0,0.0,0.0,0.0,0.0,0.0,0.0,0.0
2012-03-03 01:00:00,0.0,0.0,0.0,0.0,0.0,0.0,0.0,0.0,0.0,0.0,0.0,0.0,0.0,0.0,0.0,0.0,0.0
2012-03-03 02:00:00,0.0,0.0,0.0,0.0,0.0,0.0,0.0,0.0,0.0,0.0,0.0,0.0,0.0,0.0,0.0,0.0,0.0
2012-03-03 03:00:00,0.0,0.0,0.0,0.0,0.0,0.0,0.0,0.0,0.0,0.0,0.0,0.0,0.0,0.0,0.0,0.0,0.0
2012-03-03 04:00:00,0.0,0.0,0.0,0.0,0.0,0.0,0.0,0.0,0.0,0.0,0.0,0.0,0.0,0.0,0.0,0.0,0.0
2012-03-03 05:00:00,0.0,0.0,0.0,0.0,0.0,0.0,0.0,0.0,0.0,0.0,0.0,0.0,0.0,0.0,0.0,0.0,0.0
2012-03-03 06:00:00,0.0,0.0,0.0,0.0,0.0,0.0,0.0,0.0,0.0,0.002,0.0,0.0,0.0,0.0,0.0,0.0,0.0
2012-03-03 07:00:00,0.014,0.014,0.012,0.013,0.012,0.011,0.031,0.017,0.014,0.015,0.019,0.038,0.012,0.012,0.011,0.007,0.015
2012-03-03 08:00:00,0.046,0.048,0.023,0.049,0.04,0.029,0.072,0.041,0.048,0.048,0.05,0.099,0.044,0.025,0.047,0.032,0.069
2012-03-03 09:00:00,0.085,0.088,0.058,0.077,0.062,0.068,0.118,0.06,0.084,0.074,0.06,0.196,0.069,0.083,0.068,0.065,0.155
2012-03-03 10:00:00,0.112,0.117,0.084,0.08,0.071,0.082,0.138,0.084,0.104,0.105,0.079,0.311,0.083,0.09,0.091,0.076,0.216
2012-03-03 11:00:00,0.129,0.121,0.111,0.087,0.084,0.099,0.158,0.077,0.119,0.123,0.079,0.31,0.102,0.104,0.128,0.1,0.249
2012-03-03 12:00:00,0.121,0.115,0.114,0.088,0.08,0.07,0.134,0.081,0.115,0.092,0.081,0.257,0.091,0.087,0.169,0.093,0.226
2012-03-03 13:00:00,0.099,0.108,0.106,0.057,0.098,0.06,0.128,0.077,0.086,0.071,0.093,0.133,0.09,0.069,0.127,0.088,0.149
2012-03-03 14:00:00,0.065,0.067,0.09,0.034,0.065,0.054,0.075,0.074,0.06,0.041,0.073,0.059,0.048,0.049,0.074,0.067,0.072
2012-03-03 15:00:00,0.042,0.047,0.048,0.019,0.046,0.032,0.038,0.039,0.034,0.023,0.045,0.043,0.027,0.024,0.045,0.046,0.053
2012-03-03 16:00:00,0.015,0.014,0.021,0.006,0.019,0.011,0.007,0.013,0.008,0.002,0.011,0.02,0.005,0.004,0.014,0.018,0.025
2012-03-03 17:00:00,0.0,0.0,0.0,0.0,0.0,0.0,0.0,0.0,0.0,0.0,0.0,0.0,0.0,0.0,0.0,0.0,0.0
2012-03-03 18:00:00,0.0,0.0,0.0,0.0,0.0,0.0,0.0,0.0,0.0,0.0,0.0,0.0,0.0,0.0,0.0,0.0,0.0
2012-03-03 19:00:00,0.0,0.0,0.0,0.0,0.0,0.0,0.0,0.0,0.0,0.0,0.0,0.0,0.0,0.0,0.0,0.0,0.0
2012-03-03 20:00:00,0.0,0.0,0.0,0.0,0.0,0.0,0.0,0.0,0.0,0.0,0.0,0.0,0.0,0.0,0.0,0.0,0.0
2012-03-03 21:00:00,0.0,0.0,0.0,0.0,0.0,0.0,0.0,0.0,0.0,0.0,0.0,0.0,0.0,0.0,0.0,0.0,0.0
2012-03-03 22:00:00,0.0,0.0,0.0,0.0,0.0,0.0,0.0,0.0,0.0,0.0,0.0,0.0,0.0,0.0,0.0,0.0,0.0
2012-03-03 23:00:00,0.0,0.0,0.0,0.0,0.0,0.0,0.0,0.0,0.0,0.0,0.0,0.0,0.0,0.0,0.0,0.0,0.0
2012-03-04 00:00:00,0.0,0.0,0.0,0.0,0.0,0.0,0.0,0.0,0.0,0.0,0.0,0.0,0.0,0.0,0.0,0.0,0.0
2012-03-04 01:00:00,0.0,0.0,0.0,0.0,0.0,0.0,0.0,0.0,0.0,0.0,0.0,0.0,0.0,0.0,0.0,0.0,0.0
2012-03-04 02:00:00,0.0,0.0,0.0,0.0,0.0,0.0,0.0,0.0,0.0,0.0,0.0,0.0,0.0,0.0,0.0,0.0,0.0
2012-03-04 03:00:00,0.0,0.0,0.0,0.0,0.0,0.0,0.0,0.0,0.0,0.0,0.0,0.0,0.0,0.0,0.0,0.0,0.0
2012-03-04 04:00:00,0.0,0.0,0.0,0.0,0.0,0.0,0.0,0.0,0.0,0.0,0.0,0.0,0.0,0.0,0.0,0.0,0.0
2012-03-04 05:00:00,0.0,0.0,0.0,0.0,0.0,0.0,0.0,0.0,0.0,0.0,0.0,0.0,0.0,0.0,0.0,0.0,0.0
2012-03-04 06:00:00,0.035,0.0,0.0,0.106,0.0,0.009,0.118,0.131,0.0,0.151,0.143,0.0,0.0,0.166,0.056,0.0,0.0
2012-03-04 07:00:00,0.27,0.234,0.288,0.196,0.228,0.319,0.353,0.321,0.305,0.255,0.253,0.269,0.327,0.337,0.3,0.278,0.233
2012-03-04 08:00:00,0.42,0.415,0.443,0.341,0.378,0.469,0.502,0.457,0.468,0.371,0.368,0.421,0.481,0.479,0.41,0.441,0.394
2012-03-04 09:00:00,0.475,0.496,0.5,0.323,0.45,0.523,0.558,0.498,0.529,0.395,0.368,0.483,0.538,0.521,0.463,0.506,0.465
2012-03-04 10:00:00,0.462,0.505,0.477,0.305,0.457,0.505,0.536,0.464,0.519,0.374,0.372,0.44,0.519,0.48,0.439,0.498,0.466
2012-03-04 11:00:00,0.399,0.443,0.406,0.291,0.405,0.424,0.455,0.394,0.447,0.302,0.348,0.387,0.442,0.392,0.35,0.429,0.402
2012-03-04 12:00:00,0.295,0.335,0.292,0.235,0.319,0.301,0.326,0.274,0.328,0.244,0.246,0.277,0.321,0.291,0.254,0.313,0.303
2012-03-04 13:00:00,0.159,0.189,0.152,0.145,0.194,0.148,0.169,0.131,0.176,0.161,0.119,0.142,0.165,0.148,0.121,0.166,0.173
2012-03-04 14:00:00,0.072,0.068,0.077,0.088,0.068,0.065,0.071,0.07,0.066,0.098,0.086,0.064,0.066,0.076,0.071,0.066,0.075
2012-03-04 15:00:00,0.052,0.052,0.052,0.058,0.052,0.049,0.055,0.051,0.051,0.065,0.053,0.047,0.05,0.054,0.048,0.05,0.054
2012-03-04 16:00:00,0.023,0.029,0.022,0.016,0.029,0.021,0.024,0.018,0.026,0.019,0.013,0.021,0.024,0.02,0.016,0.025,0.029
2012-03-04 17:00:00,0.0,0.0,0.0,0.0,0.001,0.0,0.0,0.0,0.0,0.0,0.0,0.0,0.0,0.0,0.0,0.0,0.0
2012-03-04 18:00:00,0.0,0.0,0.0,0.0,0.0,0.0,0.0,0.0,0.0,0.0,0.0,0.0,0.0,0.0,0.0,0.0,0.0
2012-03-04 19:00:00,0.0,0.0,0.0,0.0,0.0,0.0,0.0,0.0,0.0,0.0,0.0,0.0,0.0,0.0,0.0,0.0,0.0
2012-03-04 20:00:00,0.0,0.0,0.0,0.0,0.0,0.0,0.0,0.0,0.0,0.0,0.0,0.0,0.0,0.0,0.0,0.0,0.0
2012-03-04 21:00:00,0.0,0.0,0.0,0.0,0.0,0.0,0.0,0.0,0.0,0.0,0.0,0.0,0.0,0.0,0.0,0.0,0.0
2012-03-04 22:00:00,0.0,0.0,0.0,0.0,0.0,0.0,0.0,0.0,0.0,0.0,0.0,0.0,0.0,0.0,0.0,0.0,0.0
2012-03-04 23:00:00,0.0,0.0,0.0,0.0,0.0,0.0,0.0,0.0,0.0,0.0,0.0,0.0,0.0,0.0,0.0,0.0,0.0
2012-05-14 00:00:00,0.0,0.0,0.0,0.0,0.0,0.0,0.0,0.0,0.0,0.0,0.0,0.0,0.0,0.0,0.0,0.0,0.0
2012-05-14 01:00:00,0.0,0.0,0.0,0.0,0.0,0.0,0.0,0.0,0.0,0.0,0.0,0.0,0.0,0.0,0.0,0.0,0.0
2012-05-14 02:00:00,0.0,0.0,0.0,0.0,0.0,0.0,0.0,0.0,0.0,0.0,0.0,0.0,0.0,0.0,0.0,0.0,0.0
2012-05-14 03:00:00,0.0,0.0,0.0,0.0,0.0,0.0,0.0,0.0,0.0,0.0,0.0,0.0,0.0,0.0,0.0,0.0,0.0
2012-05-14 04:00:00,0.047,0.042,0.008,0.075,0.024,0.108,0.067,0.063,0.078,0.015,0.069,0.067,0.119,0.095,0.023,0.038,0.034
2012-05-14 05:00:00,0.147,0.11,0.045,0.233,0.103,0.245,0.239,0.152,0.202,0.093,0.194,0.238,0.318,0.327,0.149,0.099,0.12
2012-05-14 06:00:00,0.251,0.216,0.099,0.451,0.168,0.278,0.415,0.257,0.244,0.259,0.288,0.372,0.47,0.531,0.34,0.156,0.242
2012-05-14 07:00:00,0.287,0.39,0.152,0.222,0.296,0.225,0.388,0.171,0.481,0.182,0.245,0.434,0.442,0.402,0.446,0.212,0.302
2012-05-14 08:00:00,0.311,0.371,0.208,0.276,0.271,0.182,0.429,0.258,0.367,0.328,0.327,0.467,0.348,0.41,0.467,0.238,0.355
2012-05-14 09:00:00,0.347,0.395,0.33,0.295,0.316,0.187,0.41,0.41,0.333,0.379,0.391,0.472,0.253,0.369,0.439,0.271,0.432
2012-05-14 10:00:00,0.36,0.267,0.451,0.262,0.267,0.253,0.39,0.419,0.306,0.413,0.462,0.478,0.284,0.295,0.414,0.339,0.446
2012-05-14 11:00:00,0.354,0.287,0.408,0.286,0.335,0.278,0.342,0.384,0.257,0.368,0.394,0.464,0.258,0.301,0.383,0.328,0.445
2012-05-14 12:00:00,0.327,0.3,0.33,0.244,0.309,0.341,0.331,0.348,0.237,0.314,0.34,0.383,0.27,0.302,0.312,0.337,0.381
2012-05-14 13:00:00,0.275,0.271,0.285,0.249,0.246,0.282,0.286,0.271,0.237,0.244,0.269,0.313,0.246,0.273,0.27,0.28,0.309
2012-05-14 14:00:00,0.199,0.223,0.187,0.185,0.217,0.177,0.193,0.185,0.208,0.158,0.181,0.186,0.197,0.168,0.186,0.211,0.21
2012-05-14 15:00:00,0.133,0.164,0.142,0.119,0.158,0.104,0.132,0.137,0.126,0.11,0.136,0.103,0.116,0.116,0.138,0.139,0.117
2012-05-14 16:00:00,0.091,0.106,0.098,0.078,0.103,0.085,0.106,0.085,0.094,0.076,0.088,0.082,0.085,0.08,0.08,0.095,0.085
2012-05-14 17:00:00,0.051,0.053,0.056,0.042,0.058,0.048,0.041,0.048,0.047,0.042,0.049,0.05,0.048,0.041,0.052,0.052,0.056
2012-05-14 18:00:00,0.019,0.019,0.02,0.009,0.025,0.013,0.009,0.013,0.015,0.008,0.013,0.024,0.012,0.01,0.017,0.021,0.028
2012-05-14 19:00:00,0.0,0.0,0.0,0.0,0.0,0.0,0.0,0.0,0.0,0.0,0.0,0.0,0.0,0.0,0.0,0.0,0.001
2012-05-14 20:00:00,0.0,0.0,0.0,0.0,0.0,0.0,0.0,0.0,0.0,0.0,0.0,0.0,0.0,0.0,0.0,0.0,0.0
2012-05-14 21:00:00,0.0,0.0,0.0,0.0,0.0,0.0,0.0,0.0,0.0,0.0,0.0,0.0,0.0,0.0,0.0,0.0,0.0
2012-05-14 22:00:00,0.0,0.0,0.0,0.0,0.0,0.0,0.0,0.0,0.0,0.0,0.0,0.0,0.0,0.0,0.0,0.0,0.0
2012-05-14 23:00:00,0.0,0.0,0.0,0.0,0.0,0.0,0.0,0.0,0.0,0.0,0.0,0.0,0.0,0.0,0.0,0.0,0.0
2012-05-15 00:00:00,0.0,0.0,0.0,0.0,0.0,0.0,0.0,0.0,0.0,0.0,0.0,0.0,0.0,0.0,0.0,0.0,0.0
2012-05-15 01:00:00,0.0,0.0,0.0,0.0,0.0,0.0,0.0,0.0,0.0,0.0,0.0,0.0,0.0,0.0,0.0,0.0,0.0
2012-05-15 02:00:00,0.0,0.0,0.0,0.0,0.0,0.0,0.0,0.0,0.0,0.0,0.0,0.0,0.0,0.0,0.0,0.0,0.0
2012-05-15 03:00:00,0.0,0.0,0.0,0.0,0.0,0.0,0.0,0.0,0.0,0.0,0.0,0.0,0.0,0.0,0.0,0.0,0.0
2012-05-15 04:00:00,0.113,0.078,0.116,0.166,0.089,0.135,0.032,0.154,0.067,0.082,0.184,0.114,0.072,0.135,0.112,0.109,0.108
2012-05-15 05:00:00,0.288,0.241,0.288,0.368,0.281,0.349,0.111,0.358,0.212,0.25,0.381,0.275,0.22,0.334,0.213,0.291,0.296
2012-05-15 06:00:00,0.462,0.389,0.458,0.538,0.47,0.526,0.263,0.533,0.347,0.409,0.547,0.432,0.405,0.501,0.382,0.478,0.483
2012-05-15 07:00:00,0.562,0.446,0.592,0.649,0.539,0.609,0.378,0.61,0.47,0.557,0.643,0.548,0.534,0.611,0.554,0.56,0.583
2012-05-15 08:00:00,0.603,0.501,0.599,0.646,0.61,0.624,0.396,0.59,0.547,0.523,0.64,0.663,0.517,0.598,0.665,0.595,0.652
2012-05-15 09:00:00,0.523,0.487,0.512,0.519,0.517,0.489,0.376,0.554,0.469,0.492,0.591,0.594,0.426,0.568,0.669,0.466,0.567
2012-05-15 10:00:00,0.467,0.46,0.485,0.388,0.404,0.466,0.377,0.473,0.492,0.389,0.522,0.472,0.415,0.435,0.579,0.488,0.457
2012-05-15 11:00:00,0.396,0.477,0.395,0.399,0.338,0.425,0.418,0.403,0.423,0.358,0.401,0.362,0.408,0.38,0.443,0.409,0.33
2012-05-15 12:00:00,0.322,0.366,0.319,0.307,0.305,0.322,0.313,0.339,0.339,0.298,0.358,0.323,0.297,0.278,0.365,0.299,0.336
2012-05-15 13:00:00,0.26,0.271,0.236,0.236,0.285,0.257,0.237,0.282,0.275,0.246,0.26,0.256,0.251,0.249,0.273,0.251,0.265
2012-05-15 14:00:00,0.204,0.224,0.193,0.172,0.175,0.218,0.219,0.199,0.236,0.208,0.184,0.195,0.228,0.201,0.193,0.216,0.225
2012-05-15 15:00:00,0.14,0.137,0.132,0.132,0.134,0.15,0.143,0.157,0.16,0.136,0.158,0.127,0.148,0.138,0.15,0.133,0.151
2012-05-15 16:00:00,0.108,0.118,0.106,0.083,0.113,0.104,0.097,0.102,0.116,0.089,0.092,0.107,0.103,0.095,0.104,0.117,0.116
2012-05-15 17:00:00,0.058,0.062,0.064,0.037,0.069,0.05,0.043,0.05,0.049,0.037,0.041,0.061,0.047,0.041,0.06,0.064,0.068
2012-05-15 18:00:00,0.02,0.021,0.025,0.006,0.027,0.015,0.014,0.014,0.012,0.007,0.009,0.025,0.015,0.009,0.019,0.023,0.028
2012-05-15 19:00:00,0.0,0.0,0.0,0.0,0.001,0.0,0.0,0.0,0.0,0.0,0.0,0.0,0.0,0.0,0.0,0.0,0.002
2012-05-15 20:00:00,0.0,0.0,0.0,0.0,0.0,0.0,0.0,0.0,0.0,0.0,0.0,0.0,0.0,0.0,0.0,0.0,0.0
2012-05-15 21:00:00,0.0,0.0,0.0,0.0,0.0,0.0,0.0,0.0,0.0,0.0,0.0,0.0,0.0,0.0,0.0,0.0,0.0
2012-05-15 22:00:00,0.0,0.0,0.0,0.0,0.0,0.0,0.0,0.0,0.0,0.0,0.0,0.0,0.0,0.0,0.0,0.0,0.0
2012-05-15 23:00:00,0.0,0.0,0.0,0.0,0.0,0.0,0.0,0.0,0.0,0.0,0.0,0.0,0.0,0.0,0.0,0.0,0.0
2012-05-16 00:00:00,0.0,0.0,0.0,0.0,0.0,0.0,0.0,0.0,0.0,0.0,0.0,0.0,0.0,0.0,0.0,0.0,0.0
2012-05-16 01:00:00,0.0,0.0,0.0,0.0,0.0,0.0,0.0,0.0,0.0,0.0,0.0,0.0,0.0,0.0,0.0,0.0,0.0
2012-05-16 02:00:00,0.0,0.0,0.0,0.0,0.0,0.0,0.0,0.0,0.0,0.0,0.0,0.0,0.0,0.0,0.0,0.0,0.0
2012-05-16 03:00:00,0.0,0.0,0.0,0.0,0.0,0.0,0.0,0.0,0.0,0.0,0.0,0.0,0.0,0.0,0.0,0.0,0.0
2012-05-16 04:00:00,0.049,0.066,0.051,0.027,0.031,0.028,0.014,0.035,0.057,0.004,0.063,0.054,0.038,0.017,0.102,0.051,0.057
2012-05-16 05:00:00,0.124,0.163,0.128,0.072,0.118,0.135,0.062,0.099,0.146,0.025,0.156,0.159,0.187,0.061,0.187,0.126,0.084
2012-05-16 06:00:00,0.245,0.355,0.255,0.111,0.277,0.246,0.09,0.222,0.264,0.072,0.276,0.272,0.275,0.106,0.343,0.26,0.175
2012-05-16 07:00:00,0.294,0.37,0.32,0.15,0.338,0.284,0.073,0.219,0.445,0.075,0.266,0.377,0.269,0.063,0.337,0.29,0.381
2012-05-16 08:00:00,0.377,0.416,0.355,0.267,0.49,0.335,0.119,0.33,0.452,0.11,0.348,0.447,0.249,0.089,0.445,0.39,0.454
2012-05-16 09:00:00,0.462,0.516,0.434,0.294,0.583,0.344,0.128,0.377,0.425,0.122,0.431,0.605,0.169,0.106,0.478,0.54,0.563
2012-05-16 10:00:00,0.385,0.453,0.386,0.199,0.528,0.266,0.165,0.323,0.289,0.18,0.285,0.507,0.17,0.138,0.333,0.415,0.561
2012-05-16 11:00:00,0.292,0.327,0.33,0.17,0.373,0.216,0.209,0.22,0.262,0.137,0.234,0.384,0.166,0.106,0.287,0.297,0.41
2012-05-16 12:00:00,0.258,0.329,0.272,0.101,0.316,0.184,0.195,0.168,0.234,0.135,0.18,0.333,0.178,0.099,0.266,0.288,0.343
2012-05-16 13:00:00,0.208,0.257,0.218,0.088,0.23,0.177,0.148,0.148,0.223,0.169,0.154,0.233,0.155,0.1,0.218,0.223,0.284
2012-05-16 14:00:00,0.162,0.178,0.183,0.097,0.186,0.101,0.092,0.159,0.149,0.151,0.187,0.191,0.11,0.072,0.17,0.161,0.204
2012-05-16 15:00:00,0.11,0.127,0.114,0.082,0.136,0.059,0.071,0.089,0.098,0.127,0.123,0.14,0.082,0.049,0.121,0.104,0.133
2012-05-16 16:00:00,0.076,0.091,0.072,0.06,0.093,0.029,0.06,0.046,0.086,0.079,0.08,0.093,0.066,0.039,0.075,0.076,0.095
2012-05-16 17:00:00,0.045,0.053,0.038,0.03,0.06,0.015,0.038,0.021,0.051,0.042,0.036,0.058,0.043,0.028,0.047,0.046,0.059
2012-05-16 18:00:00,0.016,0.019,0.014,0.007,0.026,0.002,0.007,0.004,0.015,0.007,0.007,0.022,0.011,0.004,0.017,0.018,0.029
2012-05-16 19:00:00,0.0,0.0,0.0,0.0,0.002,0.0,0.0,0.0,0.0,0.0,0.0,0.0,0.0,0.0,0.0,0.0,0.003
2012-05-16 20:00:00,0.0,0.0,0.0,0.0,0.0,0.0,0.0,0.0,0.0,0.0,0.0,0.0,0.0,0.0,0.0,0.0,0.0
2012-05-16 21:00:00,0.0,0.0,0.0,0.0,0.0,0.0,0.0,0.0,0.0,0.0,0.0,0.0,0.0,0.0,0.0,0.0,0.0
2012-05-16 22:00:00,0.0,0.0,0.0,0.0,0.0,0.0,0.0,0.0,0.0,0.0,0.0,0.0,0.0,0.0,0.0,0.0,0.0
2012-05-16 23:00:00,0.0,0.0,0.0,0.0,0.0,0.0,0.0,0.0,0.0,0.0,0.0,0.0,0.0,0.0,0.0,0.0,0.0
2012-05-17 00:00:00,0.0,0.0,0.0,0.0,0.0,0.0,0.0,0.0,0.0,0.0,0.0,0.0,0.0,0.0,0.0,0.0,0.0
2012-05-17 01:00:00,0.0,0.0,0.0,0.0,0.0,0.0,0.0,0.0,0.0,0.0,0.0,0.0,0.0,0.0,0.0,0.0,0.0
2012-05-17 02:00:00,0.0,0.0,0.0,0.0,0.0,0.0,0.0,0.0,0.0,0.0,0.0,0.0,0.0,0.0,0.0,0.0,0.0
2012-05-17 03:00:00,0.0,0.0,0.0,0.0,0.0,0.0,0.0,0.0,0.0,0.0,0.0,0.0,0.0,0.0,0.0,0.0,0.0
2012-05-17 04:00:00,0.03,0.025,0.055,0.035,0.043,0.014,0.008,0.006,0.042,0.017,0.048,0.034,0.031,0.004,0.003,0.038,0.029
2012-05-17 05:00:00,0.122,0.094,0.179,0.111,0.214,0.068,0.061,0.022,0.106,0.068,0.114,0.099,0.126,0.016,0.016,0.154,0.178
2012-05-17 06:00:00,0.211,0.174,0.314,0.18,0.372,0.091,0.081,0.055,0.201,0.136,0.189,0.225,0.184,0.038,0.028,0.25,0.316
2012-05-17 07:00:00,0.215,0.159,0.182,0.144,0.33,0.104,0.162,0.059,0.245,0.124,0.175,0.266,0.243,0.058,0.05,0.263,0.397
2012-05-17 08:00:00,0.31,0.32,0.281,0.133,0.509,0.127,0.177,0.063,0.231,0.132,0.293,0.4,0.295,0.097,0.107,0.393,0.502
2012-05-17 09:00:00,0.343,0.442,0.354,0.128,0.537,0.221,0.313,0.076,0.295,0.107,0.266,0.355,0.357,0.106,0.137,0.442,0.491
2012-05-17 10:00:00,0.314,0.48,0.335,0.094,0.465,0.292,0.268,0.094,0.449,0.112,0.195,0.354,0.392,0.121,0.087,0.398,0.363
2012-05-17 11:00:00,0.323,0.451,0.329,0.086,0.435,0.283,0.297,0.112,0.459,0.129,0.118,0.292,0.371,0.134,0.095,0.448,0.447
2012-05-17 12:00:00,0.291,0.39,0.305,0.105,0.398,0.276,0.298,0.103,0.363,0.122,0.074,0.255,0.363,0.172,0.085,0.408,0.375
2012-05-17 13:00:00,0.242,0.304,0.29,0.086,0.314,0.257,0.211,0.104,0.299,0.104,0.062,0.283,0.287,0.17,0.074,0.313,0.316
2012-05-17 14:00:00,0.169,0.235,0.202,0.066,0.216,0.19,0.161,0.08,0.224,0.071,0.049,0.188,0.198,0.109,0.048,0.21,0.217
2012-05-17 15:00:00,0.108,0.149,0.119,0.052,0.132,0.123,0.134,0.095,0.125,0.044,0.032,0.131,0.113,0.085,0.065,0.12,0.124
2012-05-17 16:00:00,0.083,0.122,0.092,0.032,0.104,0.09,0.054,0.075,0.093,0.035,0.03,0.093,0.08,0.059,0.058,0.097,0.082
2012-05-17 17:00:00,0.055,0.083,0.06,0.019,0.078,0.048,0.033,0.039,0.061,0.009,0.014,0.059,0.05,0.027,0.032,0.071,0.06
2012-05-17 18:00:00,0.023,0.034,0.025,0.005,0.036,0.016,0.007,0.014,0.025,0.002,0.004,0.034,0.018,0.007,0.015,0.029,0.033
2012-05-17 19:00:00,0.001,0.0,0.0,0.0,0.001,0.0,0.0,0.0,0.0,0.0,0.0,0.002,0.0,0.0,0.0,0.0,0.003
2012-05-17 20:00:00,0.0,0.0,0.0,0.0,0.0,0.0,0.0,0.0,0.0,0.0,0.0,0.0,0.0,0.0,0.0,0.0,0.0
2012-05-17 21:00:00,0.0,0.0,0.0,0.0,0.0,0.0,0.0,0.0,0.0,0.0,0.0,0.0,0.0,0.0,0.0,0.0,0.0
2012-05-17 22:00:00,0.0,0.0,0.0,0.0,0.0,0.0,0.0,0.0,0.0,0.0,0.0,0.0,0.0,0.0,0.0,0.0,0.0
2012-05-17 23:00:00,0.0,0.0,0.0,0.0,0.0,0.0,0.0,0.0,0.0,0.0,0.0,0.0,0.0,0.0,0.0,0.0,0.0
2012-05-18 00:00:00,0.0,0.0,0.0,0.0,0.0,0.0,0.0,0.0,0.0,0.0,0.0,0.0,0.0,0.0,0.0,0.0,0.0
2012-05-18 01:00:00,0.0,0.0,0.0,0.0,0.0,0.0,0.0,0.0,0.0,0.0,0.0,0.0,0.0,0.0,0.0,0.0,0.0
2012-05-18 02:00:00,0.0,0.0,0.0,0.0,0.0,0.0,0.0,0.0,0.0,0.0,0.0,0.0,0.0,0.0,0.0,0.0,0.0
2012-05-18 03:00:00,0.0,0.0,0.0,0.0,0.0,0.0,0.0,0.0,0.0,0.0,0.0,0.0,0.0,0.0,0.0,0.0,0.0
2012-05-18 04:00:00,0.053,0.074,0.034,0.001,0.115,0.011,0.002,0.003,0.012,0.0,0.0,0.092,0.009,0.002,0.006,0.071,0.109
2012-05-18 05:00:00,0.152,0.26,0.113,0.008,0.319,0.049,0.024,0.022,0.102,0.005,0.01,0.181,0.074,0.022,0.025,0.211,0.272
2012-05-18 06:00:00,0.285,0.485,0.249,0.03,0.514,0.16,0.092,0.056,0.283,0.023,0.029,0.267,0.226,0.077,0.072,0.408,0.447
2012-05-18 07:00:00,0.313,0.436,0.331,0.027,0.476,0.185,0.124,0.077,0.343,0.051,0.032,0.459,0.206,0.089,0.122,0.434,0.489
2012-05-18 08:00:00,0.395,0.608,0.463,0.045,0.588,0.314,0.242,0.124,0.53,0.069,0.059,0.453,0.371,0.113,0.135,0.554,0.501
2012-05-18 09:00:00,0.443,0.651,0.514,0.052,0.569,0.4,0.375,0.197,0.669,0.124,0.113,0.471,0.534,0.161,0.221,0.584,0.577
2012-05-18 10:00:00,0.42,0.569,0.475,0.089,0.472,0.437,0.456,0.23,0.64,0.128,0.084,0.487,0.588,0.236,0.251,0.526,0.544
2012-05-18 11:00:00,0.378,0.417,0.479,0.076,0.334,0.454,0.414,0.218,0.584,0.142,0.102,0.476,0.546,0.249,0.269,0.479,0.477
2012-05-18 12:00:00,0.355,0.389,0.424,0.089,0.407,0.421,0.356,0.263,0.484,0.189,0.096,0.434,0.455,0.283,0.249,0.409,0.453
2012-05-18 13:00:00,0.292,0.311,0.336,0.086,0.349,0.341,0.343,0.234,0.369,0.145,0.077,0.327,0.37,0.284,0.201,0.343,0.352
2012-05-18 14:00:00,0.215,0.239,0.25,0.106,0.257,0.239,0.25,0.192,0.258,0.17,0.071,0.208,0.257,0.198,0.158,0.245,0.236
2012-05-18 15:00:00,0.143,0.179,0.166,0.086,0.16,0.167,0.189,0.124,0.191,0.122,0.062,0.127,0.187,0.129,0.113,0.163,0.123
2012-05-18 16:00:00,0.104,0.126,0.107,0.063,0.115,0.127,0.111,0.094,0.12,0.083,0.049,0.092,0.121,0.097,0.076,0.124,0.098
2012-05-18 17:00:00,0.06,0.075,0.073,0.024,0.077,0.063,0.064,0.045,0.061,0.035,0.017,0.058,0.066,0.052,0.04,0.072,0.065
2012-05-18 18:00:00,0.025,0.029,0.032,0.005,0.033,0.023,0.02,0.016,0.028,0.008,0.005,0.028,0.024,0.016,0.018,0.031,0.035
2012-05-18 19:00:00,0.001,0.0,0.0,0.0,0.003,0.0,0.0,0.0,0.0,0.0,0.0,0.002,0.0,0.0,0.0,0.001,0.003
2012-05-18 20:00:00,0.0,0.0,0.0,0.0,0.0,0.0,0.0,0.0,0.0,0.0,0.0,0.0,0.0,0.0,0.0,0.0,0.0
2012-05-18 21:00:00,0.0,0.0,0.0,0.0,0.0,0.0,0.0,0.0,0.0,0.0,0.0,0.0,0.0,0.0,0.0,0.0,0.0
2012-05-18 22:00:00,0.0,0.0,0.0,0.0,0.0,0.0,0.0,0.0,0.0,0.0,0.0,0.0,0.0,0.0,0.0,0.0,0.0
2012-05-18 23:00:00,0.0,0.0,0.0,0.0,0.0,0.0,0.0,0.0,0.0,0.0,0.0,0.0,0.0,0.0,0.0,0.0,0.0
2012-05-19 00:00:00,0.0,0.0,0.0,0.0,0.0,0.0,0.0,0.0,0.0,0.0,0.0,0.0,0.0,0.0,0.0,0.0,0.0
2012-05-19 01:00:00,0.0,0.0,0.0,0.0,0.0,0.0,0.0,0.0,0.0,0.0,0.0,0.0,0.0,0.0,0.0,0.0,0.0
2012-05-19 02:00:00,0.0,0.0,0.0,0.0,0.0,0.0,0.0,0.0,0.0,0.0,0.0,0.0,0.0,0.0,0.0,0.0,0.0
2012-05-19 03:00:00,0.0,0.0,0.0,0.0,0.0,0.0,0.0,0.0,0.0,0.0,0.0,0.0,0.0,0.0,0.0,0.0,0.0
2012-05-19 04:00:00,0.147,0.114,0.155,0.16,0.1,0.16,0.145,0.187,0.128,0.127,0.218,0.162,0.142,0.161,0.205,0.136,0.121
2012-05-19 05:00:00,0.347,0.315,0.365,0.367,0.275,0.372,0.361,0.396,0.344,0.299,0.436,0.354,0.362,0.378,0.414,0.343,0.294
2012-05-19 06:00:00,0.519,0.494,0.533,0.555,0.443,0.551,0.554,0.568,0.529,0.501,0.59,0.535,0.545,0.555,0.571,0.51,0.458
2012-05-19 07:00:00,0.607,0.589,0.64,0.646,0.431,0.658,0.654,0.656,0.652,0.636,0.679,0.585,0.649,0.658,0.639,0.619,0.586
2012-05-19 08:00:00,0.647,0.617,0.693,0.666,0.49,0.712,0.703,0.696,0.711,0.66,0.705,0.658,0.702,0.71,0.656,0.656,0.612
2012-05-19 09:00:00,0.591,0.628,0.661,0.555,0.494,0.649,0.678,0.581,0.715,0.519,0.58,0.595,0.658,0.583,0.46,0.628,0.595
2012-05-19 10:00:00,0.523,0.612,0.521,0.491,0.479,0.581,0.589,0.449,0.677,0.434,0.524,0.448,0.621,0.488,0.388,0.571,0.539
2012-05-19 11:00:00,0.466,0.574,0.454,0.439,0.454,0.531,0.507,0.4,0.603,0.398,0.419,0.362,0.561,0.462,0.318,0.535,0.432
2012-05-19 12:00:00,0.399,0.481,0.418,0.404,0.388,0.452,0.409,0.371,0.497,0.315,0.355,0.317,0.465,0.4,0.292,0.454,0.343
2012-05-19 13:00:00,0.332,0.383,0.325,0.331,0.36,0.363,0.313,0.302,0.382,0.272,0.297,0.253,0.367,0.335,0.262,0.36,0.331
2012-05-19 14:00:00,0.242,0.27,0.229,0.209,0.296,0.254,0.235,0.242,0.263,0.191,0.219,0.178,0.258,0.248,0.197,0.252,0.262
2012-05-19 15:00:00,0.175,0.185,0.187,0.156,0.207,0.177,0.157,0.177,0.163,0.135,0.154,0.163,0.161,0.182,0.151,0.172,0.206
2012-05-19 16:00:00,0.131,0.15,0.135,0.104,0.159,0.117,0.108,0.126,0.103,0.08,0.122,0.13,0.101,0.106,0.106,0.135,0.161
2012-05-19 17:00:00,0.081,0.092,0.08,0.062,0.098,0.076,0.056,0.07,0.069,0.046,0.061,0.089,0.064,0.051,0.061,0.088,0.105
2012-05-19 18:00:00,0.03,0.034,0.035,0.013,0.038,0.023,0.018,0.02,0.027,0.009,0.018,0.038,0.021,0.011,0.024,0.036,0.046
2012-05-19 19:00:00,0.001,0.001,0.001,0.0,0.003,0.0,0.0,0.0,0.0,0.0,0.0,0.002,0.0,0.0,0.0,0.001,0.004
2012-05-19 20:00:00,0.0,0.0,0.0,0.0,0.0,0.0,0.0,0.0,0.0,0.0,0.0,0.0,0.0,0.0,0.0,0.0,0.0
2012-05-19 21:00:00,0.0,0.0,0.0,0.0,0.0,0.0,0.0,0.0,0.0,0.0,0.0,0.0,0.0,0.0,0.0,0.0,0.0
2012-05-19 22:00:00,0.0,0.0,0.0,0.0,0.0,0.0,0.0,0.0,0.0,0.0,0.0,0.0,0.0,0.0,0.0,0.0,0.0
2012-05-19 23:00:00,0.0,0.0,0.0,0.0,0.0,0.0,0.0,0.0,0.0,0.0,0.0,0.0,0.0,0.0,0.0,0.0,0.0
2012-05-20 00:00:00,0.0,0.0,0.0,0.0,0.0,0.0,0.0,0.0,0.0,0.0,0.0,0.0,0.0,0.0,0.0,0.0,0.0
2012-05-20 01:00:00,0.0,0.0,0.0,0.0,0.0,0.0,0.0,0.0,0.0,0.0,0.0,0.0,0.0,0.0,0.0,0.0,0.0
2012-05-20 02:00:00,0.0,0.0,0.0,0.0,0.0,0.0,0.0,0.0,0.0,0.0,0.0,0.0,0.0,0.0,0.0,0.0,0.0
2012-05-20 03:00:00,0.0,0.0,0.0,0.0,0.0,0.0,0.0,0.0,0.0,0.0,0.0,0.0,0.0,0.0,0.0,0.0,0.0
2012-05-20 04:00:00,0.116,0.116,0.104,0.123,0.106,0.117,0.135,0.095,0.114,0.146,0.134,0.104,0.123,0.144,0.12,0.113,0.122
2012-05-20 05:00:00,0.29,0.319,0.283,0.248,0.302,0.315,0.34,0.213,0.317,0.329,0.215,0.27,0.306,0.352,0.262,0.316,0.285
2012-05-20 06:00:00,0.457,0.504,0.484,0.367,0.477,0.501,0.507,0.318,0.505,0.5,0.347,0.452,0.494,0.511,0.382,0.506,0.439
2012-05-20 07:00:00,0.593,0.622,0.621,0.513,0.602,0.619,0.638,0.488,0.62,0.63,0.508,0.626,0.614,0.63,0.527,0.618,0.607
2012-05-20 08:00:00,0.644,0.684,0.677,0.587,0.667,0.68,0.685,0.557,0.679,0.659,0.486,0.677,0.676,0.663,0.538,0.677,0.665
2012-05-20 09:00:00,0.656,0.696,0.682,0.578,0.678,0.684,0.685,0.608,0.692,0.623,0.553,0.679,0.689,0.661,0.551,0.685,0.677
2012-05-20 10:00:00,0.604,0.665,0.644,0.34,0.647,0.637,0.619,0.538,0.66,0.515,0.52,0.639,0.645,0.575,0.529,0.651,0.638
2012-05-20 11:00:00,0.514,0.596,0.567,0.289,0.581,0.555,0.542,0.415,0.573,0.344,0.36,0.539,0.545,0.442,0.377,0.58,0.566
2012-05-20 12:00:00,0.415,0.492,0.458,0.266,0.482,0.426,0.427,0.288,0.475,0.291,0.254,0.448,0.43,0.351,0.279,0.474,0.473
2012-05-20 13:00:00,0.311,0.359,0.326,0.216,0.355,0.308,0.31,0.233,0.34,0.249,0.226,0.326,0.33,0.265,0.251,0.341,0.343
2012-05-20 14:00:00,0.196,0.212,0.206,0.168,0.214,0.214,0.238,0.183,0.208,0.184,0.145,0.189,0.24,0.196,0.153,0.202,0.205
2012-05-20 15:00:00,0.107,0.086,0.13,0.116,0.084,0.156,0.125,0.132,0.093,0.111,0.121,0.108,0.133,0.144,0.121,0.093,0.089
2012-05-20 16:00:00,0.078,0.071,0.079,0.08,0.069,0.091,0.076,0.093,0.074,0.09,0.081,0.078,0.093,0.086,0.094,0.071,0.07
2012-05-20 17:00:00,0.05,0.052,0.053,0.03,0.051,0.054,0.05,0.048,0.051,0.043,0.03,0.052,0.052,0.051,0.055,0.053,0.052
2012-05-20 18:00:00,0.023,0.027,0.025,0.008,0.029,0.022,0.018,0.018,0.024,0.011,0.007,0.026,0.021,0.014,0.02,0.026,0.03
2012-05-20 19:00:00,0.001,0.001,0.001,0.0,0.003,0.0,0.0,0.0,0.0,0.0,0.0,0.002,0.0,0.0,0.0,0.001,0.005
2012-05-20 20:00:00,0.0,0.0,0.0,0.0,0.0,0.0,0.0,0.0,0.0,0.0,0.0,0.0,0.0,0.0,0.0,0.0,0.0
2012-05-20 21:00:00,0.0,0.0,0.0,0.0,0.0,0.0,0.0,0.0,0.0,0.0,0.0,0.0,0.0,0.0,0.0,0.0,0.0
2012-05-20 22:00:00,0.0,0.0,0.0,0.0,0.0,0.0,0.0,0.0,0.0,0.0,0.0,0.0,0.0,0.0,0.0,0.0,0.0
2012-05-20 23:00:00,0.0,0.0,0.0,0.0,0.0,0.0,0.0,0.0,0.0,0.0,0.0,0.0,0.0,0.0,0.0,0.0,0.0
2012-08-22 00:00:00,0.0,0.0,0.0,0.0,0.0,0.0,0.0,0.0,0.0,0.0,0.0,0.0,0.0,0.0,0.0,0.0,0.0
2012-08-22 01:00:00,0.0,0.0,0.0,0.0,0.0,0.0,0.0,0.0,0.0,0.0,0.0,0.0,0.0,0.0,0.0,0.0,0.0
2012-08-22 02:00:00,0.0,0.0,0.0,0.0,0.0,0.0,0.0,0.0,0.0,0.0,0.0,0.0,0.0,0.0,0.0,0.0,0.0
2012-08-22 03:00:00,0.0,0.0,0.0,0.0,0.0,0.0,0.0,0.0,0.0,0.0,0.0,0.0,0.0,0.0,0.0,0.0,0.0
2012-08-22 04:00:00,0.0,0.0,0.0,0.0,0.0,0.0,0.0,0.0,0.0,0.0,0.002,0.0,0.0,0.0,0.0,0.0,0.0
2012-08-22 05:00:00,0.083,0.008,0.123,0.086,0.086,0.101,0.129,0.096,0.053,0.196,0.053,0.138,0.114,0.081,0.038,0.051,0.141
2012-08-22 06:00:00,0.211,0.067,0.245,0.221,0.273,0.209,0.353,0.234,0.077,0.275,0.146,0.293,0.233,0.169,0.148,0.175,0.321
2012-08-22 07:00:00,0.339,0.253,0.426,0.246,0.426,0.329,0.411,0.293,0.129,0.267,0.094,0.392,0.306,0.269,0.228,0.407,0.427
2012-08-22 08:00:00,0.403,0.388,0.521,0.31,0.514,0.341,0.432,0.35,0.187,0.27,0.206,0.461,0.31,0.393,0.248,0.466,0.471
2012-08-22 09:00:00,0.454,0.462,0.57,0.35,0.541,0.39,0.429,0.42,0.26,0.478,0.224,0.515,0.33,0.45,0.325,0.511,0.503
2012-08-22 10:00:00,0.462,0.537,0.551,0.244,0.551,0.428,0.411,0.394,0.347,0.446,0.277,0.501,0.315,0.398,0.354,0.543,0.488
2012-08-22 11:00:00,0.416,0.47,0.473,0.31,0.472,0.429,0.372,0.41,0.392,0.385,0.207,0.452,0.306,0.319,0.287,0.488,0.414
2012-08-22 12:00:00,0.351,0.38,0.377,0.304,0.398,0.361,0.312,0.333,0.316,0.25,0.244,0.367,0.308,0.269,0.305,0.39,0.356
2012-08-22 13:00:00,0.249,0.274,0.26,0.217,0.282,0.243,0.262,0.219,0.248,0.141,0.189,0.25,0.239,0.189,0.209,0.273,0.281
2012-08-22 14:00:00,0.133,0.145,0.127,0.103,0.154,0.114,0.191,0.1,0.15,0.155,0.08,0.132,0.148,0.133,0.1,0.137,0.174
2012-08-22 15:00:00,0.082,0.086,0.075,0.071,0.081,0.069,0.119,0.073,0.075,0.132,0.066,0.089,0.075,0.1,0.07,0.075,0.113
2012-08-22 16:00:00,0.064,0.069,0.059,0.054,0.073,0.051,0.074,0.053,0.058,0.072,0.048,0.074,0.053,0.059,0.055,0.063,0.087
2012-08-22 17:00:00,0.036,0.04,0.033,0.025,0.042,0.029,0.03,0.027,0.03,0.027,0.025,0.045,0.028,0.026,0.031,0.036,0.058
2012-08-22 18:00:00,0.006,0.008,0.005,0.0,0.01,0.003,0.001,0.002,0.005,0.0,0.0,0.009,0.003,0.001,0.003,0.006,0.012
2012-08-22 19:00:00,0.0,0.0,0.0,0.0,0.0,0.0,0.0,0.0,0.0,0.0,0.0,0.0,0.0,0.0,0.0,0.0,0.0
2012-08-22 20:00:00,0.0,0.0,0.0,0.0,0.0,0.0,0.0,0.0,0.0,0.0,0.0,0.0,0.0,0.0,0.0,0.0,0.0
2012-08-22 21:00:00,0.0,0.0,0.0,0.0,0.0,0.0,0.0,0.0,0.0,0.0,0.0,0.0,0.0,0.0,0.0,0.0,0.0
2012-08-22 22:00:00,0.0,0.0,0.0,0.0,0.0,0.0,0.0,0.0,0.0,0.0,0.0,0.0,0.0,0.0,0.0,0.0,0.0
2012-08-22 23:00:00,0.0,0.0,0.0,0.0,0.0,0.0,0.0,0.0,0.0,0.0,0.0,0.0,0.0,0.0,0.0,0.0,0.0
2012-08-23 00:00:00,0.0,0.0,0.0,0.0,0.0,0.0,0.0,0.0,0.0,0.0,0.0,0.0,0.0,0.0,0.0,0.0,0.0
2012-08-23 01:00:00,0.0,0.0,0.0,0.0,0.0,0.0,0.0,0.0,0.0,0.0,0.0,0.0,0.0,0.0,0.0,0.0,0.0
2012-08-23 02:00:00,0.0,0.0,0.0,0.0,0.0,0.0,0.0,0.0,0.0,0.0,0.0,0.0,0.0,0.0,0.0,0.0,0.0
2012-08-23 03:00:00,0.0,0.0,0.0,0.0,0.0,0.0,0.0,0.0,0.0,0.0,0.0,0.0,0.0,0.0,0.0,0.0,0.0
2012-08-23 04:00:00,0.0,0.0,0.0,0.0,0.0,0.0,0.0,0.0,0.0,0.0,0.0,0.0,0.0,0.0,0.0,0.0,0.0
2012-08-23 05:00:00,0.097,0.105,0.025,0.207,0.116,0.124,0.134,0.134,0.148,0.157,0.093,0.014,0.168,0.162,0.06,0.093,0.046
2012-08-23 06:00:00,0.215,0.178,0.083,0.392,0.278,0.279,0.373,0.286,0.283,0.38,0.231,0.057,0.355,0.378,0.14,0.191,0.126
2012-08-23 07:00:00,0.255,0.081,0.155,0.469,0.288,0.402,0.476,0.312,0.289,0.376,0.29,0.102,0.485,0.401,0.233,0.221,0.194
2012-08-23 08:00:00,0.325,0.138,0.253,0.483,0.403,0.47,0.576,0.413,0.148,0.493,0.45,0.131,0.441,0.513,0.246,0.299,0.282
2012-08-23 09:00:00,0.352,0.148,0.414,0.534,0.348,0.434,0.571,0.435,0.104,0.562,0.433,0.194,0.32,0.549,0.274,0.329,0.37
2012-08-23 10:00:00,0.354,0.206,0.355,0.53,0.367,0.342,0.467,0.446,0.137,0.535,0.419,0.227,0.239,0.467,0.343,0.297,0.472
2012-08-23 11:00:00,0.342,0.31,0.219,0.441,0.407,0.281,0.367,0.343,0.226,0.451,0.367,0.271,0.239,0.368,0.306,0.324,0.453
2012-08-23 12:00:00,0.307,0.309,0.275,0.343,0.337,0.254,0.305,0.262,0.33,0.338,0.284,0.313,0.262,0.287,0.22,0.323,0.36
2012-08-23 13:00:00,0.232,0.245,0.251,0.254,0.233,0.228,0.26,0.171,0.265,0.248,0.186,0.214,0.276,0.262,0.161,0.248,0.247
2012-08-23 14:00:00,0.136,0.138,0.121,0.172,0.152,0.127,0.203,0.119,0.153,0.17,0.076,0.122,0.164,0.164,0.105,0.136,0.142
2012-08-23 15:00:00,0.083,0.077,0.07,0.122,0.069,0.085,0.129,0.089,0.093,0.138,0.064,0.075,0.087,0.125,0.078,0.076,0.076
2012-08-23 16:00:00,0.057,0.06,0.051,0.071,0.057,0.057,0.077,0.06,0.055,0.086,0.046,0.053,0.049,0.068,0.046,0.056,0.055
2012-08-23 17:00:00,0.031,0.035,0.031,0.026,0.035,0.029,0.031,0.025,0.032,0.03,0.025,0.032,0.027,0.025,0.025,0.033,0.033
2012-08-23 18:00:00,0.004,0.006,0.005,0.0,0.008,0.002,0.001,0.001,0.003,0.0,0.0,0.006,0.001,0.0,0.002,0.005,0.007
2012-08-23 19:00:00,0.0,0.0,0.0,0.0,0.0,0.0,0.0,0.0,0.0,0.0,0.0,0.0,0.0,0.0,0.0,0.0,0.0
2012-08-23 20:00:00,0.0,0.0,0.0,0.0,0.0,0.0,0.0,0.0,0.0,0.0,0.0,0.0,0.0,0.0,0.0,0.0,0.0
2012-08-23 21:00:00,0.0,0.0,0.0,0.0,0.0,0.0,0.0,0.0,0.0,0.0,0.0,0.0,0.0,0.0,0.0,0.0,0.0
2012-08-23 22:00:00,0.0,0.0,0.0,0.0,0.0,0.0,0.0,0.0,0.0,0.0,0.0,0.0,0.0,0.0,0.0,0.0,0.0
2012-08-23 23:00:00,0.0,0.0,0.0,0.0,0.0,0.0,0.0,0.0,0.0,0.0,0.0,0.0,0.0,0.0,0.0,0.0,0.0
2012-08-24 00:00:00,0.0,0.0,0.0,0.0,0.0,0.0,0.0,0.0,0.0,0.0,0.0,0.0,0.0,0.0,0.0,0.0,0.0
2012-08-24 01:00:00,0.0,0.0,0.0,0.0,0.0,0.0,0.0,0.0,0.0,0.0,0.0,0.0,0.0,0.0,0.0,0.0,0.0
2012-08-24 02:00:00,0.0,0.0,0.0,0.0,0.0,0.0,0.0,0.0,0.0,0.0,0.0,0.0,0.0,0.0,0.0,0.0,0.0
2012-08-24 03:00:00,0.0,0.0,0.0,0.0,0.0,0.0,0.0,0.0,0.0,0.0,0.0,0.0,0.0,0.0,0.0,0.0,0.0
2012-08-24 04:00:00,0.0,0.0,0.0,0.0,0.0,0.0,0.0,0.0,0.0,0.0,0.0,0.0,0.0,0.0,0.0,0.0,0.0
2012-08-24 05:00:00,0.146,0.119,0.155,0.123,0.131,0.171,0.151,0.175,0.114,0.127,0.108,0.164,0.149,0.139,0.159,0.154,0.149
2012-08-24 06:00:00,0.315,0.3,0.305,0.271,0.3,0.343,0.322,0.375,0.221,0.273,0.336,0.335,0.282,0.303,0.388,0.31,0.304
2012-08-24 07:00:00,0.419,0.485,0.356,0.412,0.467,0.3,0.305,0.453,0.376,0.38,0.527,0.404,0.318,0.412,0.481,0.418,0.373
2012-08-24 08:00:00,0.512,0.572,0.486,0.5,0.571,0.43,0.445,0.503,0.486,0.425,0.574,0.482,0.429,0.506,0.522,0.53,0.476
2012-08-24 09:00:00,0.525,0.604,0.522,0.548,0.531,0.441,0.486,0.477,0.494,0.448,0.554,0.497,0.449,0.508,0.533,0.551,0.509
2012-08-24 10:00:00,0.462,0.574,0.422,0.434,0.555,0.43,0.427,0.37,0.456,0.433,0.414,0.459,0.391,0.45,0.445,0.456,0.484
2012-08-24 11:00:00,0.418,0.497,0.405,0.391,0.478,0.389,0.416,0.332,0.422,0.361,0.358,0.404,0.392,0.407,0.384,0.433,0.437
2012-08-24 12:00:00,0.334,0.396,0.342,0.318,0.379,0.31,0.315,0.301,0.32,0.324,0.258,0.341,0.305,0.298,0.304,0.36,0.299
2012-08-24 13:00:00,0.242,0.294,0.253,0.196,0.289,0.243,0.225,0.209,0.263,0.223,0.175,0.226,0.222,0.194,0.21,0.26,0.243
2012-08-24 14:00:00,0.13,0.169,0.142,0.091,0.159,0.121,0.11,0.108,0.132,0.108,0.106,0.118,0.108,0.109,0.103,0.14,0.146
2012-08-24 15:00:00,0.086,0.098,0.091,0.077,0.1,0.083,0.08,0.077,0.075,0.078,0.07,0.088,0.07,0.071,0.075,0.09,0.097
2012-08-24 16:00:00,0.064,0.072,0.066,0.054,0.082,0.063,0.053,0.054,0.056,0.049,0.049,0.066,0.053,0.05,0.054,0.069,0.067
2012-08-24 17:00:00,0.035,0.043,0.035,0.022,0.046,0.034,0.026,0.029,0.032,0.02,0.023,0.039,0.029,0.025,0.03,0.039,0.038
2012-08-24 18:00:00,0.004,0.007,0.005,0.0,0.008,0.002,0.0,0.001,0.004,0.0,0.0,0.005,0.002,0.0,0.002,0.006,0.007
2012-08-24 19:00:00,0.0,0.0,0.0,0.0,0.0,0.0,0.0,0.0,0.0,0.0,0.0,0.0,0.0,0.0,0.0,0.0,0.0
2012-08-24 20:00:00,0.0,0.0,0.0,0.0,0.0,0.0,0.0,0.0,0.0,0.0,0.0,0.0,0.0,0.0,0.0,0.0,0.0
2012-08-24 21:00:00,0.0,0.0,0.0,0.0,0.0,0.0,0.0,0.0,0.0,0.0,0.0,0.0,0.0,0.0,0.0,0.0,0.0
2012-08-24 22:00:00,0.0,0.0,0.0,0.0,0.0,0.0,0.0,0.0,0.0,0.0,0.0,0.0,0.0,0.0,0.0,0.0,0.0
2012-08-24 23:00:00,0.0,0.0,0.0,0.0,0.0,0.0,0.0,0.0,0.0,0.0,0.0,0.0,0.0,0.0,0.0,0.0,0.0
2012-08-25 00:00:00,0.0,0.0,0.0,0.0,0.0,0.0,0.0,0.0,0.0,0.0,0.0,0.0,0.0,0.0,0.0,0.0,0.0
2012-08-25 01:00:00,0.0,0.0,0.0,0.0,0.0,0.0,0.0,0.0,0.0,0.0,0.0,0.0,0.0,0.0,0.0,0.0,0.0
2012-08-25 02:00:00,0.0,0.0,0.0,0.0,0.0,0.0,0.0,0.0,0.0,0.0,0.0,0.0,0.0,0.0,0.0,0.0,0.0
2012-08-25 03:00:00,0.0,0.0,0.0,0.0,0.0,0.0,0.0,0.0,0.0,0.0,0.0,0.0,0.0,0.0,0.0,0.0,0.0
2012-08-25 04:00:00,0.0,0.0,0.0,0.0,0.0,0.0,0.0,0.0,0.0,0.0,0.0,0.0,0.0,0.0,0.0,0.0,0.0
2012-08-25 05:00:00,0.122,0.054,0.185,0.202,0.022,0.12,0.102,0.202,0.111,0.063,0.245,0.174,0.124,0.118,0.221,0.084,0.093
2012-08-25 06:00:00,0.252,0.217,0.311,0.364,0.112,0.237,0.286,0.372,0.286,0.147,0.433,0.334,0.279,0.265,0.41,0.181,0.171
2012-08-25 07:00:00,0.331,0.168,0.399,0.312,0.117,0.411,0.412,0.416,0.421,0.205,0.536,0.308,0.453,0.282,0.495,0.338,0.305
2012-08-25 08:00:00,0.355,0.142,0.472,0.387,0.101,0.528,0.503,0.508,0.462,0.337,0.546,0.432,0.506,0.417,0.492,0.317,0.257
2012-08-25 09:00:00,0.327,0.177,0.387,0.511,0.052,0.525,0.545,0.57,0.515,0.476,0.561,0.437,0.538,0.456,0.501,0.177,0.181
2012-08-25 10:00:00,0.275,0.27,0.209,0.431,0.143,0.464,0.527,0.528,0.452,0.476,0.513,0.338,0.54,0.45,0.401,0.087,0.089
2012-08-25 11:00:00,0.26,0.362,0.088,0.422,0.233,0.316,0.439,0.432,0.425,0.448,0.455,0.177,0.444,0.454,0.367,0.125,0.091
2012-08-25 12:00:00,0.233,0.365,0.072,0.314,0.274,0.209,0.36,0.248,0.389,0.336,0.331,0.124,0.368,0.343,0.215,0.202,0.11
2012-08-25 13:00:00,0.163,0.257,0.062,0.22,0.152,0.156,0.241,0.122,0.272,0.24,0.179,0.115,0.256,0.241,0.127,0.178,0.073
2012-08-25 14:00:00,0.122,0.181,0.084,0.134,0.111,0.119,0.141,0.081,0.186,0.142,0.088,0.136,0.137,0.133,0.084,0.153,0.061
2012-08-25 15:00:00,0.089,0.14,0.079,0.079,0.092,0.115,0.089,0.069,0.131,0.104,0.05,0.064,0.101,0.092,0.072,0.113,0.037
2012-08-25 16:00:00,0.056,0.087,0.053,0.047,0.064,0.073,0.072,0.04,0.08,0.057,0.028,0.033,0.07,0.057,0.046,0.069,0.025
2012-08-25 17:00:00,0.024,0.036,0.02,0.021,0.035,0.03,0.029,0.018,0.028,0.025,0.012,0.011,0.029,0.027,0.014,0.029,0.011
2012-08-25 18:00:00,0.002,0.004,0.001,0.0,0.006,0.001,0.0,0.0,0.003,0.0,0.0,0.0,0.001,0.0,0.0,0.002,0.001
2012-08-25 19:00:00,0.0,0.0,0.0,0.0,0.0,0.0,0.0,0.0,0.0,0.0,0.0,0.0,0.0,0.0,0.0,0.0,0.0
2012-08-25 20:00:00,0.0,0.0,0.0,0.0,0.0,0.0,0.0,0.0,0.0,0.0,0.0,0.0,0.0,0.0,0.0,0.0,0.0
2012-08-25 21:00:00,0.0,0.0,0.0,0.0,0.0,0.0,0.0,0.0,0.0,0.0,0.0,0.0,0.0,0.0,0.0,0.0,0.0
2012-08-25 22:00:00,0.0,0.0,0.0,0.0,0.0,0.0,0.0,0.0,0.0,0.0,0.0,0.0,0.0,0.0,0.0,0.0,0.0
2012-08-25 23:00:00,0.0,0.0,0.0,0.0,0.0,0.0,0.0,0.0,0.0,0.0,0.0,0.0,0.0,0.0,0.0,0.0,0.0
2012-08-26 00:00:00,0.0,0.0,0.0,0.0,0.0,0.0,0.0,0.0,0.0,0.0,0.0,0.0,0.0,0.0,0.0,0.0,0.0
2012-08-26 01:00:00,0.0,0.0,0.0,0.0,0.0,0.0,0.0,0.0,0.0,0.0,0.0,0.0,0.0,0.0,0.0,0.0,0.0
2012-08-26 02:00:00,0.0,0.0,0.0,0.0,0.0,0.0,0.0,0.0,0.0,0.0,0.0,0.0,0.0,0.0,0.0,0.0,0.0
2012-08-26 03:00:00,0.0,0.0,0.0,0.0,0.0,0.0,0.0,0.0,0.0,0.0,0.0,0.0,0.0,0.0,0.0,0.0,0.0
2012-08-26 04:00:00,0.0,0.0,0.0,0.0,0.0,0.0,0.0,0.0,0.0,0.0,0.0,0.0,0.0,0.0,0.0,0.0,0.0
2012-08-26 05:00:00,0.021,0.008,0.008,0.052,0.009,0.012,0.054,0.015,0.012,0.051,0.008,0.053,0.033,0.014,0.014,0.009,0.044
2012-08-26 06:00:00,0.08,0.071,0.043,0.092,0.046,0.052,0.233,0.047,0.022,0.194,0.028,0.187,0.101,0.084,0.045,0.056,0.154
2012-08-26 07:00:00,0.166,0.187,0.128,0.241,0.138,0.087,0.337,0.06,0.249,0.43,0.077,0.175,0.226,0.313,0.098,0.14,0.22
2012-08-26 08:00:00,0.225,0.283,0.147,0.234,0.249,0.22,0.396,0.111,0.426,0.442,0.077,0.211,0.412,0.263,0.155,0.204,0.254
2012-08-26 09:00:00,0.279,0.396,0.28,0.328,0.256,0.332,0.504,0.176,0.499,0.447,0.114,0.338,0.51,0.389,0.206,0.257,0.149
2012-08-26 10:00:00,0.305,0.426,0.358,0.34,0.311,0.354,0.52,0.257,0.474,0.467,0.141,0.299,0.506,0.464,0.262,0.275,0.145
2012-08-26 11:00:00,0.3,0.402,0.32,0.35,0.299,0.338,0.437,0.322,0.443,0.416,0.162,0.199,0.444,0.361,0.309,0.288,0.177
2012-08-26 12:00:00,0.277,0.357,0.245,0.328,0.33,0.327,0.288,0.31,0.355,0.35,0.254,0.156,0.294,0.326,0.289,0.253,0.195
2012-08-26 13:00:00,0.214,0.241,0.193,0.221,0.263,0.233,0.174,0.23,0.238,0.227,0.203,0.134,0.22,0.228,0.162,0.214,0.227
2012-08-26 14:00:00,0.132,0.146,0.116,0.102,0.144,0.132,0.146,0.118,0.146,0.112,0.126,0.143,0.141,0.155,0.092,0.134,0.159
2012-08-26 15:00:00,0.086,0.086,0.083,0.079,0.085,0.096,0.099,0.091,0.099,0.087,0.094,0.078,0.101,0.101,0.072,0.086,0.09
2012-08-26 16:00:00,0.057,0.057,0.069,0.049,0.055,0.054,0.07,0.053,0.055,0.055,0.05,0.057,0.055,0.06,0.051,0.057,0.072
2012-08-26 17:00:00,0.029,0.031,0.032,0.021,0.032,0.028,0.023,0.023,0.033,0.022,0.017,0.029,0.029,0.027,0.025,0.032,0.036
2012-08-26 18:00:00,0.002,0.003,0.003,0.0,0.005,0.001,0.0,0.0,0.002,0.0,0.0,0.004,0.001,0.0,0.001,0.003,0.005
2012-08-26 19:00:00,0.0,0.0,0.0,0.0,0.0,0.0,0.0,0.0,0.0,0.0,0.0,0.0,0.0,0.0,0.0,0.0,0.0
2012-08-26 20:00:00,0.0,0.0,0.0,0.0,0.0,0.0,0.0,0.0,0.0,0.0,0.0,0.0,0.0,0.0,0.0,0.0,0.0
2012-08-26 21:00:00,0.0,0.0,0.0,0.0,0.0,0.0,0.0,0.0,0.0,0.0,0.0,0.0,0.0,0.0,0.0,0.0,0.0
2012-08-26 22:00:00,0.0,0.0,0.0,0.0,0.0,0.0,0.0,0.0,0.0,0.0,0.0,0.0,0.0,0.0,0.0,0.0,0.0
2012-08-26 23:00:00,0.0,0.0,0.0,0.0,0.0,0.0,0.0,0.0,0.0,0.0,0.0,0.0,0.0,0.0,0.0,0.0,0.0
2012-08-27 00:00:00,0.0,0.0,0.0,0.0,0.0,0.0,0.0,0.0,0.0,0.0,0.0,0.0,0.0,0.0,0.0,0.0,0.0
2012-08-27 01:00:00,0.0,0.0,0.0,0.0,0.0,0.0,0.0,0.0,0.0,0.0,0.0,0.0,0.0,0.0,0.0,0.0,0.0
2012-08-27 02:00:00,0.0,0.0,0.0,0.0,0.0,0.0,0.0,0.0,0.0,0.0,0.0,0.0,0.0,0.0,0.0,0.0,0.0
2012-08-27 03:00:00,0.0,0.0,0.0,0.0,0.0,0.0,0.0,0.0,0.0,0.0,0.0,0.0,0.0,0.0,0.0,0.0,0.0
2012-08-27 04:00:00,0.0,0.0,0.0,0.0,0.0,0.0,0.0,0.0,0.0,0.0,0.0,0.0,0.0,0.0,0.0,0.0,0.0
2012-08-27 05:00:00,0.027,0.001,0.008,0.143,0.004,0.005,0.136,0.021,0.002,0.173,0.048,0.015,0.043,0.082,0.016,0.006,0.011
2012-08-27 06:00:00,0.064,0.015,0.059,0.181,0.029,0.009,0.298,0.036,0.004,0.331,0.087,0.068,0.061,0.16,0.052,0.027,0.066
2012-08-27 07:00:00,0.147,0.085,0.098,0.29,0.189,0.014,0.407,0.067,0.018,0.494,0.089,0.154,0.052,0.323,0.105,0.087,0.258
2012-08-27 08:00:00,0.222,0.162,0.178,0.35,0.352,0.026,0.418,0.063,0.039,0.533,0.08,0.221,0.054,0.399,0.128,0.182,0.417
2012-08-27 09:00:00,0.267,0.248,0.207,0.427,0.479,0.048,0.287,0.074,0.11,0.553,0.073,0.325,0.043,0.359,0.089,0.226,0.492
2012-08-27 10:00:00,0.298,0.366,0.255,0.381,0.481,0.081,0.245,0.069,0.255,0.471,0.061,0.371,0.092,0.299,0.107,0.289,0.526
2012-08-27 11:00:00,0.291,0.357,0.239,0.267,0.41,0.167,0.248,0.071,0.361,0.388,0.054,0.39,0.241,0.24,0.136,0.311,0.456
2012-08-27 12:00:00,0.262,0.28,0.289,0.179,0.313,0.241,0.343,0.092,0.289,0.306,0.05,0.313,0.327,0.297,0.122,0.318,0.322
2012-08-27 13:00:00,0.217,0.253,0.249,0.143,0.251,0.215,0.195,0.115,0.248,0.218,0.049,0.241,0.221,0.234,0.127,0.266,0.239
2012-08-27 14:00:00,0.14,0.175,0.164,0.105,0.133,0.157,0.131,0.102,0.185,0.112,0.037,0.134,0.153,0.139,0.108,0.17,0.14
2012-08-27 15:00:00,0.106,0.127,0.135,0.078,0.092,0.127,0.108,0.099,0.126,0.083,0.039,0.112,0.095,0.1,0.087,0.128,0.093
2012-08-27 16:00:00,0.071,0.086,0.083,0.052,0.061,0.084,0.063,0.079,0.084,0.058,0.033,0.078,0.058,0.055,0.071,0.082,0.06
2012-08-27 17:00:00,0.03,0.039,0.03,0.021,0.028,0.031,0.023,0.033,0.035,0.021,0.02,0.03,0.022,0.02,0.031,0.035,0.031
2012-08-27 18:00:00,0.002,0.004,0.002,0.0,0.005,0.0,0.0,0.0,0.001,0.0,0.0,0.003,0.0,0.0,0.0,0.002,0.005
2012-08-27 19:00:00,0.0,0.0,0.0,0.0,0.0,0.0,0.0,0.0,0.0,0.0,0.0,0.0,0.0,0.0,0.0,0.0,0.0
2012-08-27 20:00:00,0.0,0.0,0.0,0.0,0.0,0.0,0.0,0.0,0.0,0.0,0.0,0.0,0.0,0.0,0.0,0.0,0.0
2012-08-27 21:00:00,0.0,0.0,0.0,0.0,0.0,0.0,0.0,0.0,0.0,0.0,0.0,0.0,0.0,0.0,0.0,0.0,0.0
2012-08-27 22:00:00,0.0,0.0,0.0,0.0,0.0,0.0,0.0,0.0,0.0,0.0,0.0,0.0,0.0,0.0,0.0,0.0,0.0
2012-08-27 23:00:00,0.0,0.0,0.0,0.0,0.0,0.0,0.0,0.0,0.0,0.0,0.0,0.0,0.0,0.0,0.0,0.0,0.0
2012-08-28 00:00:00,0.0,0.0,0.0,0.0,0.0,0.0,0.0,0.0,0.0,0.0,0.0,0.0,0.0,0.0,0.0,0.0,0.0
2012-08-28 01:00:00,0.0,0.0,0.0,0.0,0.0,0.0,0.0,0.0,0.0,0.0,0.0,0.0,0.0,0.0,0.0,0.0,0.0
2012-08-28 02:00:00,0.0,0.0,0.0,0.0,0.0,0.0,0.0,0.0,0.0,0.0,0.0,0.0,0.0,0.0,0.0,0.0,0.0
2012-08-28 03:00:00,0.0,0.0,0.0,0.0,0.0,0.0,0.0,0.0,0.0,0.0,0.0,0.0,0.0,0.0,0.0,0.0,0.0
2012-08-28 04:00:00,0.0,0.0,0.0,0.0,0.0,0.0,0.0,0.0,0.0,0.0,0.0,0.0,0.0,0.0,0.0,0.0,0.0
2012-08-28 05:00:00,0.058,0.056,0.055,0.013,0.084,0.048,0.051,0.066,0.043,0.013,0.029,0.06,0.05,0.055,0.089,0.054,0.08
2012-08-28 06:00:00,0.14,0.147,0.14,0.098,0.16,0.13,0.142,0.19,0.082,0.082,0.134,0.129,0.099,0.2,0.211,0.117,0.147
2012-08-28 07:00:00,0.248,0.285,0.248,0.214,0.348,0.231,0.23,0.213,0.256,0.164,0.244,0.28,0.241,0.242,0.216,0.201,0.322
2012-08-28 08:00:00,0.376,0.451,0.29,0.272,0.511,0.382,0.307,0.365,0.421,0.238,0.281,0.394,0.378,0.337,0.284,0.383,0.435
2012-08-28 09:00:00,0.427,0.538,0.398,0.341,0.543,0.368,0.284,0.389,0.44,0.352,0.349,0.407,0.345,0.454,0.285,0.472,0.455
2012-08-28 10:00:00,0.431,0.572,0.435,0.415,0.491,0.348,0.244,0.331,0.543,0.378,0.363,0.34,0.38,0.387,0.278,0.516,0.416
2012-08-28 11:00:00,0.396,0.491,0.413,0.355,0.388,0.4,0.333,0.331,0.516,0.364,0.266,0.379,0.38,0.344,0.292,0.468,0.371
2012-08-28 12:00:00,0.339,0.385,0.361,0.3,0.337,0.332,0.286,0.287,0.42,0.278,0.252,0.291,0.376,0.288,0.274,0.399,0.337
2012-08-28 13:00:00,0.235,0.266,0.227,0.179,0.264,0.24,0.215,0.2,0.282,0.223,0.167,0.209,0.265,0.193,0.186,0.267,0.249
2012-08-28 14:00:00,0.133,0.176,0.125,0.093,0.181,0.107,0.114,0.099,0.138,0.116,0.098,0.118,0.119,0.099,0.099,0.142,0.159
2012-08-28 15:00:00,0.083,0.107,0.084,0.068,0.115,0.075,0.077,0.063,0.089,0.072,0.07,0.079,0.072,0.067,0.074,0.081,0.088
2012-08-28 16:00:00,0.057,0.075,0.055,0.043,0.081,0.055,0.053,0.046,0.062,0.052,0.041,0.058,0.054,0.052,0.044,0.055,0.061
2012-08-28 17:00:00,0.028,0.034,0.029,0.014,0.038,0.026,0.026,0.018,0.031,0.017,0.014,0.026,0.028,0.021,0.02,0.031,0.035
2012-08-28 18:00:00,0.002,0.003,0.002,0.0,0.005,0.0,0.0,0.0,0.001,0.0,0.0,0.002,0.0,0.0,0.0,0.003,0.005
2012-08-28 19:00:00,0.0,0.0,0.0,0.0,0.0,0.0,0.0,0.0,0.0,0.0,0.0,0.0,0.0,0.0,0.0,0.0,0.0
2012-08-28 20:00:00,0.0,0.0,0.0,0.0,0.0,0.0,0.0,0.0,0.0,0.0,0.0,0.0,0.0,0.0,0.0,0.0,0.0
2012-08-28 21:00:00,0.0,0.0,0.0,0.0,0.0,0.0,0.0,0.0,0.0,0.0,0.0,0.0,0.0,0.0,0.0,0.0,0.0
2012-08-28 22:00:00,0.0,0.0,0.0,0.0,0.0,0.0,0.0,0.0,0.0,0.0,0.0,0.0,0.0,0.0,0.0,0.0,0.0
2012-08-28 23:00:00,0.0,0.0,0.0,0.0,0.0,0.0,0.0,0.0,0.0,0.0,0.0,0.0,0.0,0.0,0.0,0.0,0.0
2012-10-28 00:00:00,0.0,0.0,0.0,0.0,0.0,0.0,0.0,0.0,0.0,0.0,0.0,0.0,0.0,0.0,0.0,0.0,0.0
2012-10-28 01:00:00,0.0,0.0,0.0,0.0,0.0,0.0,0.0,0.0,0.0,0.0,0.0,0.0,0.0,0.0,0.0,0.0,0.0
2012-10-28 02:00:00,0.0,0.0,0.0,0.0,0.0,0.0,0.0,0.0,0.0,0.0,0.0,0.0,0.0,0.0,0.0,0.0,0.0
2012-10-28 03:00:00,0.0,0.0,0.0,0.0,0.0,0.0,0.0,0.0,0.0,0.0,0.0,0.0,0.0,0.0,0.0,0.0,0.0
2012-10-28 04:00:00,0.0,0.0,0.0,0.0,0.0,0.0,0.0,0.0,0.0,0.0,0.0,0.0,0.0,0.0,0.0,0.0,0.0
2012-10-28 05:00:00,0.0,0.0,0.0,0.0,0.0,0.0,0.0,0.0,0.0,0.0,0.0,0.0,0.0,0.0,0.0,0.0,0.0
2012-10-28 06:00:00,0.0,0.0,0.0,0.0,0.0,0.0,0.0,0.0,0.0,0.0,0.0,0.0,0.0,0.0,0.0,0.0,0.0
2012-10-28 07:00:00,0.01,0.005,0.02,0.003,0.006,0.007,0.006,0.011,0.002,0.006,0.016,0.017,0.001,0.001,0.023,0.01,0.009
2012-10-28 08:00:00,0.039,0.016,0.071,0.009,0.033,0.021,0.014,0.037,0.009,0.035,0.048,0.066,0.004,0.003,0.081,0.04,0.047
2012-10-28 09:00:00,0.071,0.03,0.127,0.011,0.053,0.032,0.022,0.047,0.018,0.051,0.081,0.126,0.008,0.007,0.122,0.085,0.099
2012-10-28 10:00:00,0.084,0.029,0.156,0.018,0.072,0.043,0.046,0.056,0.023,0.059,0.086,0.148,0.013,0.009,0.161,0.081,0.138
2012-10-28 11:00:00,0.079,0.031,0.125,0.023,0.08,0.032,0.041,0.058,0.019,0.064,0.084,0.147,0.011,0.011,0.159,0.065,0.137
2012-10-28 12:00:00,0.069,0.032,0.109,0.017,0.069,0.025,0.036,0.036,0.026,0.045,0.056,0.128,0.016,0.01,0.125,0.064,0.128
2012-10-28 13:00:00,0.049,0.03,0.074,0.014,0.062,0.02,0.037,0.026,0.017,0.015,0.031,0.091,0.008,0.009,0.081,0.044,0.092
2012-10-28 14:00:00,0.027,0.013,0.029,0.003,0.039,0.009,0.012,0.012,0.011,0.005,0.018,0.055,0.004,0.003,0.041,0.024,0.063
2012-10-28 15:00:00,0.009,0.005,0.009,0.0,0.017,0.001,0.003,0.001,0.003,0.001,0.001,0.014,0.001,0.001,0.006,0.009,0.027
2012-10-28 16:00:00,0.0,0.0,0.0,0.0,0.0,0.0,0.0,0.0,0.0,0.0,0.0,0.0,0.0,0.0,0.0,0.0,0.0
2012-10-28 17:00:00,0.0,0.0,0.0,0.0,0.0,0.0,0.0,0.0,0.0,0.0,0.0,0.0,0.0,0.0,0.0,0.0,0.0
2012-10-28 18:00:00,0.0,0.0,0.0,0.0,0.0,0.0,0.0,0.0,0.0,0.0,0.0,0.0,0.0,0.0,0.0,0.0,0.0
2012-10-28 19:00:00,0.0,0.0,0.0,0.0,0.0,0.0,0.0,0.0,0.0,0.0,0.0,0.0,0.0,0.0,0.0,0.0,0.0
2012-10-28 20:00:00,0.0,0.0,0.0,0.0,0.0,0.0,0.0,0.0,0.0,0.0,0.0,0.0,0.0,0.0,0.0,0.0,0.0
2012-10-28 21:00:00,0.0,0.0,0.0,0.0,0.0,0.0,0.0,0.0,0.0,0.0,0.0,0.0,0.0,0.0,0.0,0.0,0.0
2012-10-28 22:00:00,0.0,0.0,0.0,0.0,0.0,0.0,0.0,0.0,0.0,0.0,0.0,0.0,0.0,0.0,0.0,0.0,0.0
2012-10-28 23:00:00,0.0,0.0,0.0,0.0,0.0,0.0,0.0,0.0,0.0,0.0,0.0,0.0,0.0,0.0,0.0,0.0,0.0
2012-10-29 00:00:00,0.0,0.0,0.0,0.0,0.0,0.0,0.0,0.0,0.0,0.0,0.0,0.0,0.0,0.0,0.0,0.0,0.0
2012-10-29 01:00:00,0.0,0.0,0.0,0.0,0.0,0.0,0.0,0.0,0.0,0.0,0.0,0.0,0.0,0.0,0.0,0.0,0.0
2012-10-29 02:00:00,0.0,0.0,0.0,0.0,0.0,0.0,0.0,0.0,0.0,0.0,0.0,0.0,0.0,0.0,0.0,0.0,0.0
2012-10-29 03:00:00,0.0,0.0,0.0,0.0,0.0,0.0,0.0,0.0,0.0,0.0,0.0,0.0,0.0,0.0,0.0,0.0,0.0
2012-10-29 04:00:00,0.0,0.0,0.0,0.0,0.0,0.0,0.0,0.0,0.0,0.0,0.0,0.0,0.0,0.0,0.0,0.0,0.0
2012-10-29 05:00:00,0.0,0.0,0.0,0.0,0.0,0.0,0.0,0.0,0.0,0.0,0.0,0.0,0.0,0.0,0.0,0.0,0.0
2012-10-29 06:00:00,0.0,0.0,0.0,0.0,0.0,0.0,0.0,0.0,0.0,0.0,0.0,0.0,0.0,0.0,0.0,0.0,0.0
2012-10-29 07:00:00,0.052,0.028,0.038,0.013,0.083,0.03,0.009,0.032,0.017,0.004,0.026,0.117,0.016,0.01,0.039,0.045,0.131
2012-10-29 08:00:00,0.157,0.14,0.208,0.029,0.26,0.068,0.038,0.066,0.1,0.011,0.081,0.27,0.066,0.026,0.111,0.203,0.218
2012-10-29 09:00:00,0.233,0.255,0.325,0.027,0.374,0.179,0.072,0.121,0.157,0.035,0.085,0.307,0.129,0.085,0.196,0.303,0.273
2012-10-29 10:00:00,0.268,0.306,0.342,0.103,0.383,0.237,0.094,0.212,0.191,0.051,0.138,0.296,0.15,0.132,0.259,0.326,0.309
2012-10-29 11:00:00,0.231,0.271,0.266,0.121,0.303,0.242,0.089,0.202,0.218,0.056,0.196,0.221,0.157,0.13,0.23,0.269,0.24
2012-10-29 12:00:00,0.151,0.201,0.149,0.076,0.18,0.19,0.097,0.143,0.202,0.051,0.146,0.132,0.163,0.097,0.13,0.164,0.149
2012-10-29 13:00:00,0.083,0.113,0.078,0.05,0.085,0.101,0.095,0.091,0.123,0.044,0.105,0.059,0.121,0.082,0.064,0.09,0.064
2012-10-29 14:00:00,0.053,0.072,0.058,0.027,0.059,0.062,0.059,0.051,0.078,0.03,0.052,0.04,0.075,0.054,0.04,0.058,0.045
2012-10-29 15:00:00,0.019,0.03,0.018,0.004,0.026,0.022,0.016,0.014,0.029,0.01,0.01,0.015,0.026,0.017,0.011,0.021,0.02
2012-10-29 16:00:00,0.0,0.0,0.0,0.0,0.0,0.0,0.0,0.0,0.0,0.0,0.0,0.0,0.0,0.0,0.0,0.0,0.0
2012-10-29 17:00:00,0.0,0.0,0.0,0.0,0.0,0.0,0.0,0.0,0.0,0.0,0.0,0.0,0.0,0.0,0.0,0.0,0.0
2012-10-29 18:00:00,0.0,0.0,0.0,0.0,0.0,0.0,0.0,0.0,0.0,0.0,0.0,0.0,0.0,0.0,0.0,0.0,0.0
2012-10-29 19:00:00,0.0,0.0,0.0,0.0,0.0,0.0,0.0,0.0,0.0,0.0,0.0,0.0,0.0,0.0,0.0,0.0,0.0
2012-10-29 20:00:00,0.0,0.0,0.0,0.0,0.0,0.0,0.0,0.0,0.0,0.0,0.0,0.0,0.0,0.0,0.0,0.0,0.0
2012-10-29 21:00:00,0.0,0.0,0.0,0.0,0.0,0.0,0.0,0.0,0.0,0.0,0.0,0.0,0.0,0.0,0.0,0.0,0.0
2012-10-29 22:00:00,0.0,0.0,0.0,0.0,0.0,0.0,0.0,0.0,0.0,0.0,0.0,0.0,0.0,0.0,0.0,0.0,0.0
2012-10-29 23:00:00,0.0,0.0,0.0,0.0,0.0,0.0,0.0,0.0,0.0,0.0,0.0,0.0,0.0,0.0,0.0,0.0,0.0
2012-10-30 00:00:00,0.0,0.0,0.0,0.0,0.0,0.0,0.0,0.0,0.0,0.0,0.0,0.0,0.0,0.0,0.0,0.0,0.0
2012-10-30 01:00:00,0.0,0.0,0.0,0.0,0.0,0.0,0.0,0.0,0.0,0.0,0.0,0.0,0.0,0.0,0.0,0.0,0.0
2012-10-30 02:00:00,0.0,0.0,0.0,0.0,0.0,0.0,0.0,0.0,0.0,0.0,0.0,0.0,0.0,0.0,0.0,0.0,0.0
2012-10-30 03:00:00,0.0,0.0,0.0,0.0,0.0,0.0,0.0,0.0,0.0,0.0,0.0,0.0,0.0,0.0,0.0,0.0,0.0
2012-10-30 04:00:00,0.0,0.0,0.0,0.0,0.0,0.0,0.0,0.0,0.0,0.0,0.0,0.0,0.0,0.0,0.0,0.0,0.0
2012-10-30 05:00:00,0.0,0.0,0.0,0.0,0.0,0.0,0.0,0.0,0.0,0.0,0.0,0.0,0.0,0.0,0.0,0.0,0.0
2012-10-30 06:00:00,0.002,0.0,0.0,0.036,0.0,0.0,0.0,0.0,0.0,0.011,0.001,0.0,0.0,0.0,0.0,0.0,0.0
2012-10-30 07:00:00,0.068,0.027,0.049,0.086,0.072,0.032,0.02,0.071,0.016,0.035,0.162,0.139,0.016,0.055,0.079,0.054,0.085
2012-10-30 08:00:00,0.126,0.075,0.11,0.162,0.099,0.084,0.036,0.136,0.073,0.077,0.228,0.241,0.06,0.112,0.138,0.104,0.169
2012-10-30 09:00:00,0.158,0.12,0.146,0.135,0.135,0.121,0.066,0.169,0.098,0.025,0.284,0.283,0.102,0.056,0.162,0.145,0.23
2012-10-30 10:00:00,0.193,0.148,0.211,0.161,0.183,0.151,0.094,0.18,0.111,0.048,0.294,0.282,0.127,0.095,0.185,0.201,0.272
2012-10-30 11:00:00,0.171,0.16,0.164,0.137,0.173,0.144,0.052,0.171,0.129,0.041,0.234,0.214,0.13,0.08,0.164,0.184,0.233
2012-10-30 12:00:00,0.142,0.157,0.147,0.105,0.166,0.156,0.045,0.151,0.124,0.038,0.154,0.131,0.099,0.068,0.129,0.165,0.156
2012-10-30 13:00:00,0.09,0.108,0.102,0.071,0.092,0.132,0.027,0.108,0.073,0.026,0.113,0.061,0.062,0.052,0.093,0.104,0.069
2012-10-30 14:00:00,0.058,0.084,0.064,0.026,0.072,0.065,0.026,0.064,0.049,0.01,0.063,0.044,0.028,0.017,0.06,0.07,0.049
2012-10-30 15:00:00,0.019,0.034,0.02,0.003,0.031,0.013,0.01,0.012,0.013,0.002,0.01,0.015,0.009,0.003,0.012,0.026,0.02
2012-10-30 16:00:00,0.0,0.0,0.0,0.0,0.0,0.0,0.0,0.0,0.0,0.0,0.0,0.0,0.0,0.0,0.0,0.0,0.0
2012-10-30 17:00:00,0.0,0.0,0.0,0.0,0.0,0.0,0.0,0.0,0.0,0.0,0.0,0.0,0.0,0.0,0.0,0.0,0.0
2012-10-30 18:00:00,0.0,0.0,0.0,0.0,0.0,0.0,0.0,0.0,0.0,0.0,0.0,0.0,0.0,0.0,0.0,0.0,0.0
2012-10-30 19:00:00,0.0,0.0,0.0,0.0,0.0,0.0,0.0,0.0,0.0,0.0,0.0,0.0,0.0,0.0,0.0,0.0,0.0
2012-10-30 20:00:00,0.0,0.0,0.0,0.0,0.0,0.0,0.0,0.0,0.0,0.0,0.0,0.0,0.0,0.0,0.0,0.0,0.0
2012-10-30 21:00:00,0.0,0.0,0.0,0.0,0.0,0.0,0.0,0.0,0.0,0.0,0.0,0.0,0.0,0.0,0.0,0.0,0.0
2012-10-30 22:00:00,0.0,0.0,0.0,0.0,0.0,0.0,0.0,0.0,0.0,0.0,0.0,0.0,0.0,0.0,0.0,0.0,0.0
2012-10-30 23:00:00,0.0,0.0,0.0,0.0,0.0,0.0,0.0,0.0,0.0,0.0,0.0,0.0,0.0,0.0,0.0,0.0,0.0
2012-10-31 00:00:00,0.0,0.0,0.0,0.0,0.0,0.0,0.0,0.0,0.0,0.0,0.0,0.0,0.0,0.0,0.0,0.0,0.0
2012-10-31 01:00:00,0.0,0.0,0.0,0.0,0.0,0.0,0.0,0.0,0.0,0.0,0.0,0.0,0.0,0.0,0.0,0.0,0.0
2012-10-31 02:00:00,0.0,0.0,0.0,0.0,0.0,0.0,0.0,0.0,0.0,0.0,0.0,0.0,0.0,0.0,0.0,0.0,0.0
2012-10-31 03:00:00,0.0,0.0,0.0,0.0,0.0,0.0,0.0,0.0,0.0,0.0,0.0,0.0,0.0,0.0,0.0,0.0,0.0
2012-10-31 04:00:00,0.0,0.0,0.0,0.0,0.0,0.0,0.0,0.0,0.0,0.0,0.0,0.0,0.0,0.0,0.0,0.0,0.0
2012-10-31 05:00:00,0.0,0.0,0.0,0.0,0.0,0.0,0.0,0.0,0.0,0.0,0.0,0.0,0.0,0.0,0.0,0.0,0.0
2012-10-31 06:00:00,0.0,0.0,0.0,0.002,0.0,0.0,0.0,0.0,0.0,0.005,0.0,0.0,0.0,0.0,0.0,0.0,0.0
2012-10-31 07:00:00,0.054,0.081,0.039,0.038,0.021,0.057,0.08,0.035,0.184,0.048,0.02,0.049,0.103,0.045,0.031,0.083,0.021
2012-10-31 08:00:00,0.123,0.136,0.105,0.098,0.088,0.12,0.232,0.083,0.33,0.098,0.065,0.119,0.23,0.14,0.093,0.164,0.055
2012-10-31 09:00:00,0.182,0.255,0.152,0.132,0.124,0.168,0.351,0.116,0.369,0.124,0.101,0.202,0.323,0.175,0.154,0.246,0.075
2012-10-31 10:00:00,0.187,0.244,0.191,0.129,0.108,0.207,0.342,0.156,0.344,0.153,0.122,0.141,0.331,0.176,0.178,0.265,0.053
2012-10-31 11:00:00,0.16,0.208,0.207,0.11,0.078,0.209,0.295,0.145,0.275,0.135,0.1,0.105,0.295,0.175,0.168,0.212,0.045
2012-10-31 12:00:00,0.108,0.122,0.136,0.093,0.08,0.175,0.188,0.117,0.187,0.12,0.084,0.078,0.209,0.152,0.11,0.109,0.038
2012-10-31 13:00:00,0.065,0.083,0.079,0.069,0.056,0.112,0.085,0.08,0.101,0.085,0.07,0.047,0.12,0.099,0.07,0.053,0.023
2012-10-31 14:00:00,0.037,0.05,0.031,0.032,0.032,0.062,0.057,0.05,0.061,0.054,0.035,0.031,0.069,0.061,0.041,0.026,0.02
2012-10-31 15:00:00,0.01,0.018,0.008,0.007,0.011,0.016,0.02,0.012,0.018,0.011,0.005,0.007,0.02,0.017,0.008,0.007,0.006
2012-10-31 16:00:00,0.0,0.0,0.0,0.0,0.0,0.0,0.0,0.0,0.0,0.0,0.0,0.0,0.0,0.0,0.0,0.0,0.0
2012-10-31 17:00:00,0.0,0.0,0.0,0.0,0.0,0.0,0.0,0.0,0.0,0.0,0.0,0.0,0.0,0.0,0.0,0.0,0.0
2012-10-31 18:00:00,0.0,0.0,0.0,0.0,0.0,0.0,0.0,0.0,0.0,0.0,0.0,0.0,0.0,0.0,0.0,0.0,0.0
2012-10-31 19:00:00,0.0,0.0,0.0,0.0,0.0,0.0,0.0,0.0,0.0,0.0,0.0,0.0,0.0,0.0,0.0,0.0,0.0
2012-10-31 20:00:00,0.0,0.0,0.0,0.0,0.0,0.0,0.0,0.0,0.0,0.0,0.0,0.0,0.0,0.0,0.0,0.0,0.0
2012-10-31 21:00:00,0.0,0.0,0.0,0.0,0.0,0.0,0.0,0.0,0.0,0.0,0.0,0.0,0.0,0.0,0.0,0.0,0.0
2012-10-31 22:00:00,0.0,0.0,0.0,0.0,0.0,0.0,0.0,0.0,0.0,0.0,0.0,0.0,0.0,0.0,0.0,0.0,0.0
2012-10-31 23:00:00,0.0,0.0,0.0,0.0,0.0,0.0,0.0,0.0,0.0,0.0,0.0,0.0,0.0,0.0,0.0,0.0,0.0
2012-11-01 00:00:00,0.0,0.0,0.0,0.0,0.0,0.0,0.0,0.0,0.0,0.0,0.0,0.0,0.0,0.0,0.0,0.0,0.0
2012-11-01 01:00:00,0.0,0.0,0.0,0.0,0.0,0.0,0.0,0.0,0.0,0.0,0.0,0.0,0.0,0.0,0.0,0.0,0.0
2012-11-01 02:00:00,0.0,0.0,0.0,0.0,0.0,0.0,0.0,0.0,0.0,0.0,0.0,0.0,0.0,0.0,0.0,0.0,0.0
2012-11-01 03:00:00,0.0,0.0,0.0,0.0,0.0,0.0,0.0,0.0,0.0,0.0,0.0,0.0,0.0,0.0,0.0,0.0,0.0
2012-11-01 04:00:00,0.0,0.0,0.0,0.0,0.0,0.0,0.0,0.0,0.0,0.0,0.0,0.0,0.0,0.0,0.0,0.0,0.0
2012-11-01 05:00:00,0.0,0.0,0.0,0.0,0.0,0.0,0.0,0.0,0.0,0.0,0.0,0.0,0.0,0.0,0.0,0.0,0.0
2012-11-01 06:00:00,0.0,0.0,0.0,0.0,0.0,0.0,0.0,0.0,0.0,0.002,0.0,0.0,0.0,0.0,0.0,0.0,0.0
2012-11-01 07:00:00,0.033,0.041,0.069,0.012,0.032,0.017,0.09,0.016,0.072,0.025,0.009,0.054,0.046,0.011,0.018,0.039,0.016
2012-11-01 08:00:00,0.088,0.109,0.166,0.042,0.054,0.088,0.18,0.063,0.156,0.052,0.04,0.125,0.138,0.053,0.081,0.102,0.044
2012-11-01 09:00:00,0.142,0.209,0.185,0.079,0.1,0.16,0.273,0.092,0.252,0.111,0.05,0.188,0.24,0.075,0.12,0.167,0.092
2012-11-01 10:00:00,0.156,0.258,0.135,0.087,0.114,0.193,0.282,0.105,0.292,0.151,0.068,0.221,0.244,0.129,0.118,0.174,0.102
2012-11-01 11:00:00,0.152,0.214,0.134,0.125,0.135,0.174,0.26,0.112,0.262,0.138,0.108,0.197,0.244,0.154,0.148,0.145,0.112
2012-11-01 12:00:00,0.115,0.142,0.105,0.117,0.101,0.117,0.156,0.092,0.153,0.117,0.089,0.124,0.149,0.138,0.115,0.114,0.102
2012-11-01 13:00:00,0.072,0.076,0.072,0.082,0.068,0.071,0.066,0.069,0.058,0.076,0.056,0.066,0.069,0.089,0.07,0.076,0.073
2012-11-01 14:00:00,0.042,0.047,0.042,0.049,0.034,0.039,0.045,0.033,0.044,0.048,0.03,0.041,0.044,0.052,0.038,0.046,0.042
2012-11-01 15:00:00,0.013,0.021,0.012,0.009,0.016,0.01,0.017,0.007,0.019,0.011,0.003,0.011,0.016,0.012,0.007,0.015,0.013
2012-11-01 16:00:00,0.0,0.0,0.0,0.0,0.0,0.0,0.0,0.0,0.0,0.0,0.0,0.0,0.0,0.0,0.0,0.0,0.0
2012-11-01 17:00:00,0.0,0.0,0.0,0.0,0.0,0.0,0.0,0.0,0.0,0.0,0.0,0.0,0.0,0.0,0.0,0.0,0.0
2012-11-01 18:00:00,0.0,0.0,0.0,0.0,0.0,0.0,0.0,0.0,0.0,0.0,0.0,0.0,0.0,0.0,0.0,0.0,0.0
2012-11-01 19:00:00,0.0,0.0,0.0,0.0,0.0,0.0,0.0,0.0,0.0,0.0,0.0,0.0,0.0,0.0,0.0,0.0,0.0
2012-11-01 20:00:00,0.0,0.0,0.0,0.0,0.0,0.0,0.0,0.0,0.0,0.0,0.0,0.0,0.0,0.0,0.0,0.0,0.0
2012-11-01 21:00:00,0.0,0.0,0.0,0.0,0.0,0.0,0.0,0.0,0.0,0.0,0.0,0.0,0.0,0.0,0.0,0.0,0.0
2012-11-01 22:00:00,0.0,0.0,0.0,0.0,0.0,0.0,0.0,0.0,0.0,0.0,0.0,0.0,0.0,0.0,0.0,0.0,0.0
2012-11-01 23:00:00,0.0,0.0,0.0,0.0,0.0,0.0,0.0,0.0,0.0,0.0,0.0,0.0,0.0,0.0,0.0,0.0,0.0
2012-11-02 00:00:00,0.0,0.0,0.0,0.0,0.0,0.0,0.0,0.0,0.0,0.0,0.0,0.0,0.0,0.0,0.0,0.0,0.0
2012-11-02 01:00:00,0.0,0.0,0.0,0.0,0.0,0.0,0.0,0.0,0.0,0.0,0.0,0.0,0.0,0.0,0.0,0.0,0.0
2012-11-02 02:00:00,0.0,0.0,0.0,0.0,0.0,0.0,0.0,0.0,0.0,0.0,0.0,0.0,0.0,0.0,0.0,0.0,0.0
2012-11-02 03:00:00,0.0,0.0,0.0,0.0,0.0,0.0,0.0,0.0,0.0,0.0,0.0,0.0,0.0,0.0,0.0,0.0,0.0
2012-11-02 04:00:00,0.0,0.0,0.0,0.0,0.0,0.0,0.0,0.0,0.0,0.0,0.0,0.0,0.0,0.0,0.0,0.0,0.0
2012-11-02 05:00:00,0.0,0.0,0.0,0.0,0.0,0.0,0.0,0.0,0.0,0.0,0.0,0.0,0.0,0.0,0.0,0.0,0.0
2012-11-02 06:00:00,0.001,0.0,0.0,0.013,0.0,0.0,0.0,0.0,0.0,0.008,0.0,0.0,0.0,0.0,0.0,0.0,0.0
2012-11-02 07:00:00,0.101,0.016,0.123,0.262,0.008,0.132,0.175,0.209,0.033,0.285,0.21,0.124,0.107,0.261,0.167,0.034,0.026
2012-11-02 08:00:00,0.18,0.102,0.149,0.373,0.042,0.281,0.293,0.316,0.142,0.393,0.333,0.234,0.233,0.381,0.279,0.088,0.065
2012-11-02 09:00:00,0.202,0.138,0.143,0.393,0.052,0.332,0.255,0.353,0.126,0.396,0.351,0.199,0.206,0.4,0.31,0.144,0.074
2012-11-02 10:00:00,0.192,0.093,0.157,0.339,0.027,0.305,0.213,0.332,0.14,0.333,0.308,0.16,0.185,0.341,0.28,0.188,0.068
2012-11-02 11:00:00,0.145,0.046,0.17,0.242,0.013,0.224,0.126,0.24,0.088,0.238,0.221,0.131,0.127,0.243,0.214,0.158,0.048
2012-11-02 12:00:00,0.088,0.04,0.137,0.118,0.017,0.131,0.069,0.118,0.057,0.15,0.094,0.087,0.065,0.128,0.107,0.108,0.035
2012-11-02 13:00:00,0.057,0.032,0.096,0.084,0.018,0.089,0.045,0.074,0.03,0.096,0.048,0.075,0.028,0.082,0.056,0.059,0.039
2012-11-02 14:00:00,0.029,0.019,0.046,0.053,0.016,0.032,0.03,0.054,0.009,0.025,0.038,0.048,0.017,0.028,0.042,0.018,0.023
2012-11-02 15:00:00,0.005,0.006,0.005,0.005,0.007,0.002,0.011,0.007,0.001,0.001,0.007,0.009,0.003,0.001,0.009,0.001,0.003
2012-11-02 16:00:00,0.0,0.0,0.0,0.0,0.0,0.0,0.0,0.0,0.0,0.0,0.0,0.0,0.0,0.0,0.0,0.0,0.0
2012-11-02 17:00:00,0.0,0.0,0.0,0.0,0.0,0.0,0.0,0.0,0.0,0.0,0.0,0.0,0.0,0.0,0.0,0.0,0.0
2012-11-02 18:00:00,0.0,0.0,0.0,0.0,0.0,0.0,0.0,0.0,0.0,0.0,0.0,0.0,0.0,0.0,0.0,0.0,0.0
2012-11-02 19:00:00,0.0,0.0,0.0,0.0,0.0,0.0,0.0,0.0,0.0,0.0,0.0,0.0,0.0,0.0,0.0,0.0,0.0
2012-11-02 20:00:00,0.0,0.0,0.0,0.0,0.0,0.0,0.0,0.0,0.0,0.0,0.0,0.0,0.0,0.0,0.0,0.0,0.0
2012-11-02 21:00:00,0.0,0.0,0.0,0.0,0.0,0.0,0.0,0.0,0.0,0.0,0.0,0.0,0.0,0.0,0.0,0.0,0.0
2012-11-02 22:00:00,0.0,0.0,0.0,0.0,0.0,0.0,0.0,0.0,0.0,0.0,0.0,0.0,0.0,0.0,0.0,0.0,0.0
2012-11-02 23:00:00,0.0,0.0,0.0,0.0,0.0,0.0,0.0,0.0,0.0,0.0,0.0,0.0,0.0,0.0,0.0,0.0,0.0
2012-11-03 00:00:00,0.0,0.0,0.0,0.0,0.0,0.0,0.0,0.0,0.0,0.0,0.0,0.0,0.0,0.0,0.0,0.0,0.0
2012-11-03 01:00:00,0.0,0.0,0.0,0.0,0.0,0.0,0.0,0.0,0.0,0.0,0.0,0.0,0.0,0.0,0.0,0.0,0.0
2012-11-03 02:00:00,0.0,0.0,0.0,0.0,0.0,0.0,0.0,0.0,0.0,0.0,0.0,0.0,0.0,0.0,0.0,0.0,0.0
2012-11-03 03:00:00,0.0,0.0,0.0,0.0,0.0,0.0,0.0,0.0,0.0,0.0,0.0,0.0,0.0,0.0,0.0,0.0,0.0
2012-11-03 04:00:00,0.0,0.0,0.0,0.0,0.0,0.0,0.0,0.0,0.0,0.0,0.0,0.0,0.0,0.0,0.0,0.0,0.0
2012-11-03 05:00:00,0.0,0.0,0.0,0.0,0.0,0.0,0.0,0.0,0.0,0.0,0.0,0.0,0.0,0.0,0.0,0.0,0.0
2012-11-03 06:00:00,0.0,0.0,0.0,0.0,0.0,0.0,0.0,0.0,0.0,0.0,0.0,0.0,0.0,0.0,0.0,0.0,0.0
2012-11-03 07:00:00,0.1,0.027,0.173,0.012,0.054,0.187,0.081,0.119,0.099,0.025,0.009,0.14,0.13,0.098,0.095,0.135,0.107
2012-11-03 08:00:00,0.166,0.065,0.289,0.079,0.145,0.305,0.144,0.243,0.102,0.116,0.035,0.265,0.226,0.2,0.21,0.156,0.128
2012-11-03 09:00:00,0.209,0.145,0.3,0.099,0.236,0.314,0.23,0.283,0.108,0.118,0.08,0.264,0.236,0.241,0.252,0.207,0.182
2012-11-03 10:00:00,0.211,0.159,0.272,0.131,0.209,0.265,0.26,0.259,0.129,0.072,0.118,0.241,0.225,0.253,0.23,0.218,0.238
2012-11-03 11:00:00,0.172,0.161,0.18,0.123,0.191,0.209,0.214,0.207,0.104,0.078,0.125,0.187,0.162,0.217,0.184,0.164,0.199
2012-11-03 12:00:00,0.116,0.151,0.103,0.084,0.156,0.116,0.128,0.115,0.092,0.053,0.086,0.109,0.079,0.13,0.103,0.12,0.121
2012-11-03 13:00:00,0.074,0.107,0.068,0.056,0.071,0.066,0.076,0.08,0.094,0.043,0.062,0.066,0.053,0.086,0.067,0.086,0.059
2012-11-03 14:00:00,0.043,0.07,0.029,0.03,0.046,0.032,0.044,0.043,0.066,0.016,0.036,0.029,0.04,0.039,0.039,0.053,0.04
2012-11-03 15:00:00,0.012,0.022,0.011,0.004,0.018,0.008,0.009,0.005,0.022,0.003,0.004,0.007,0.016,0.008,0.005,0.017,0.012
2012-11-03 16:00:00,0.0,0.0,0.0,0.0,0.0,0.0,0.0,0.0,0.0,0.0,0.0,0.0,0.0,0.0,0.0,0.0,0.0
2012-11-03 17:00:00,0.0,0.0,0.0,0.0,0.0,0.0,0.0,0.0,0.0,0.0,0.0,0.0,0.0,0.0,0.0,0.0,0.0
2012-11-03 18:00:00,0.0,0.0,0.0,0.0,0.0,0.0,0.0,0.0,0.0,0.0,0.0,0.0,0.0,0.0,0.0,0.0,0.0
2012-11-03 19:00:00,0.0,0.0,0.0,0.0,0.0,0.0,0.0,0.0,0.0,0.0,0.0,0.0,0.0,0.0,0.0,0.0,0.0
2012-11-03 20:00:00,0.0,0.0,0.0,0.0,0.0,0.0,0.0,0.0,0.0,0.0,0.0,0.0,0.0,0.0,0.0,0.0,0.0
2012-11-03 21:00:00,0.0,0.0,0.0,0.0,0.0,0.0,0.0,0.0,0.0,0.0,0.0,0.0,0.0,0.0,0.0,0.0,0.0
2012-11-03 22:00:00,0.0,0.0,0.0,0.0,0.0,0.0,0.0,0.0,0.0,0.0,0.0,0.0,0.0,0.0,0.0,0.0,0.0
2012-11-03 23:00:00,0.0,0.0,0.0,0.0,0.0,0.0,0.0,0.0,0.0,0.0,0.0,0.0,0.0,0.0,0.0,0.0,0.0
