hour,CZ,DE,LT,SE,SK
2012-02-26 00:00:00,0.92,0.837,0.896,1.041,0.839
2012-02-26 01:00:00,0.99,0.876,0.931,1.077,0.89
2012-02-26 02:00:00,0.978,0.87,0.927,1.075,0.889
2012-02-26 03:00:00,0.967,0.867,0.929,1.07,0.896
2012-02-26 04:00:00,0.975,0.878,0.948,1.082,0.926
2012-02-26 05:00:00,1.032,0.959,1.046,1.135,0.999
2012-02-26 06:00:00,1.15,1.063,1.133,1.231,1.118
2012-02-26 07:00:00,1.211,1.15,1.184,1.309,1.143
2012-02-26 08:00:00,1.236,1.205,1.196,1.324,1.174
2012-02-26 09:00:00,1.256,1.235,1.19,1.326,1.169
2012-02-26 10:00:00,1.251,1.238,1.185,1.315,1.16
2012-02-26 11:00:00,1.237,1.245,1.178,1.297,1.166
2012-02-26 12:00:00,1.242,1.256,1.181,1.277,1.165
2012-02-26 13:00:00,1.234,1.25,1.177,1.261,1.14
2012-02-26 14:00:00,1.225,1.225,1.168,1.254,1.134
2012-02-26 15:00:00,1.219,1.21,1.164,1.249,1.13
2012-02-26 16:00:00,1.21,1.219,1.164,1.265,1.15
2012-02-26 17:00:00,1.222,1.255,1.168,1.3,1.146
2012-02-26 18:00:00,1.221,1.271,1.17,1.324,1.167
2012-02-26 19:00:00,1.224,1.244,1.157,1.331,1.157
2012-02-26 20:00:00,1.185,1.177,1.113,1.297,1.109
2012-02-26 21:00:00,1.128,1.112,1.041,1.243,1.041
2012-02-26 22:00:00,1.066,1.049,0.989,1.182,0.996
2012-02-26 23:00:00,1.022,0.978,0.956,1.152,0.967
2012-02-27 00:00:00,0.987,0.912,0.939,1.119,0.931
2012-02-27 01:00:00,0.997,0.911,0.966,1.116,0.951
2012-02-27 02:00:00,0.984,0.906,0.963,1.115,0.952
2012-02-27 03:00:00,0.974,0.903,0.963,1.11,0.959
2012-02-27 04:00:00,0.99,0.906,0.98,1.126,0.987
2012-02-27 05:00:00,1.055,0.975,1.074,1.195,1.052
2012-02-27 06:00:00,1.173,1.082,1.155,1.294,1.165
2012-02-27 07:00:00,1.226,1.172,1.203,1.359,1.186
2012-02-27 08:00:00,1.244,1.224,1.208,1.368,1.217
2012-02-27 09:00:00,1.256,1.246,1.201,1.373,1.21
2012-02-27 10:00:00,1.245,1.255,1.197,1.364,1.201
2012-02-27 11:00:00,1.234,1.262,1.189,1.35,1.207
2012-02-27 12:00:00,1.24,1.273,1.192,1.333,1.207
2012-02-27 13:00:00,1.234,1.267,1.185,1.318,1.183
2012-02-27 14:00:00,1.226,1.245,1.175,1.312,1.177
2012-02-27 15:00:00,1.221,1.235,1.167,1.304,1.175
2012-02-27 16:00:00,1.216,1.251,1.168,1.319,1.198
2012-02-27 17:00:00,1.23,1.291,1.176,1.337,1.192
2012-02-27 18:00:00,1.23,1.298,1.184,1.341,1.207
2012-02-27 19:00:00,1.23,1.277,1.172,1.334,1.191
2012-02-27 20:00:00,1.186,1.199,1.13,1.294,1.14
2012-02-27 21:00:00,1.127,1.133,1.058,1.237,1.076
2012-02-27 22:00:00,1.066,1.078,1.01,1.177,1.032
2012-02-27 23:00:00,1.025,1.007,0.981,1.151,1.006
2012-02-28 00:00:00,0.991,0.94,0.966,1.123,0.971
2012-02-28 01:00:00,0.994,0.884,0.981,1.031,0.975
2012-02-28 02:00:00,0.984,0.879,0.978,1.03,0.978
2012-02-28 03:00:00,0.971,0.876,0.979,1.024,0.985
2012-02-28 04:00:00,0.98,0.874,0.998,1.037,1.015
2012-02-28 05:00:00,1.031,0.941,1.1,1.098,1.083
2012-02-28 06:00:00,1.147,1.064,1.186,1.194,1.206
2012-02-28 07:00:00,1.207,1.171,1.233,1.264,1.229
2012-02-28 08:00:00,1.235,1.227,1.237,1.275,1.266
2012-02-28 09:00:00,1.265,1.245,1.229,1.278,1.259
2012-02-28 10:00:00,1.266,1.255,1.225,1.268,1.251
2012-02-28 11:00:00,1.257,1.263,1.215,1.252,1.256
2012-02-28 12:00:00,1.26,1.274,1.218,1.233,1.254
2012-02-28 13:00:00,1.255,1.272,1.21,1.218,1.228
2012-02-28 14:00:00,1.245,1.251,1.201,1.211,1.22
2012-02-28 15:00:00,1.244,1.244,1.196,1.202,1.221
2012-02-28 16:00:00,1.243,1.263,1.201,1.215,1.249
2012-02-28 17:00:00,1.251,1.293,1.207,1.238,1.243
2012-02-28 18:00:00,1.235,1.3,1.212,1.252,1.256
2012-02-28 19:00:00,1.225,1.261,1.195,1.253,1.235
2012-02-28 20:00:00,1.185,1.18,1.147,1.22,1.174
2012-02-28 21:00:00,1.121,1.113,1.072,1.17,1.104
2012-02-28 22:00:00,1.062,1.058,1.024,1.112,1.053
2012-02-28 23:00:00,1.013,0.984,0.995,1.087,1.024
2012-03-01 00:00:00,0.965,0.911,0.981,1.056,0.985
2012-03-01 01:00:00,0.952,0.863,0.951,0.971,0.919
2012-03-01 02:00:00,0.942,0.858,0.948,0.968,0.921
2012-03-01 03:00:00,0.929,0.854,0.949,0.96,0.929
2012-03-01 04:00:00,0.935,0.859,0.967,0.968,0.961
2012-03-01 05:00:00,0.983,0.931,1.07,1.025,1.033
2012-03-01 06:00:00,1.098,1.04,1.157,1.123,1.155
2012-03-01 07:00:00,1.158,1.134,1.206,1.2,1.175
2012-03-01 08:00:00,1.185,1.19,1.209,1.218,1.208
2012-03-01 09:00:00,1.214,1.215,1.201,1.228,1.199
2012-03-01 10:00:00,1.214,1.219,1.196,1.224,1.189
2012-03-01 11:00:00,1.202,1.227,1.186,1.212,1.193
2012-03-01 12:00:00,1.206,1.239,1.191,1.196,1.193
2012-03-01 13:00:00,1.199,1.237,1.184,1.182,1.168
2012-03-01 14:00:00,1.19,1.213,1.175,1.175,1.161
2012-03-01 15:00:00,1.187,1.201,1.171,1.168,1.162
2012-03-01 16:00:00,1.182,1.215,1.174,1.181,1.192
2012-03-01 17:00:00,1.191,1.258,1.179,1.2,1.189
2012-03-01 18:00:00,1.18,1.265,1.18,1.207,1.204
2012-03-01 19:00:00,1.175,1.235,1.162,1.203,1.182
2012-03-01 20:00:00,1.139,1.161,1.114,1.17,1.119
2012-03-01 21:00:00,1.079,1.094,1.042,1.119,1.05
2012-03-01 22:00:00,1.02,1.036,0.995,1.059,1.001
2012-03-01 23:00:00,0.973,0.963,0.966,1.032,0.974
2012-03-02 00:00:00,0.93,0.895,0.951,1.0,0.937
2012-03-02 01:00:00,0.95,0.839,0.928,0.983,0.874
2012-03-02 02:00:00,0.937,0.833,0.926,0.982,0.874
2012-03-02 03:00:00,0.925,0.83,0.926,0.977,0.882
2012-03-02 04:00:00,0.936,0.84,0.94,0.988,0.911
2012-03-02 05:00:00,0.994,0.918,1.034,1.039,0.984
2012-03-02 06:00:00,1.121,1.03,1.114,1.134,1.109
2012-03-02 07:00:00,1.179,1.122,1.164,1.213,1.136
2012-03-02 08:00:00,1.201,1.178,1.169,1.229,1.17
2012-03-02 09:00:00,1.215,1.203,1.162,1.231,1.164
2012-03-02 10:00:00,1.203,1.207,1.157,1.22,1.155
2012-03-02 11:00:00,1.188,1.214,1.15,1.202,1.161
2012-03-02 12:00:00,1.195,1.225,1.153,1.182,1.162
2012-03-02 13:00:00,1.188,1.225,1.149,1.166,1.136
2012-03-02 14:00:00,1.178,1.203,1.139,1.157,1.129
2012-03-02 15:00:00,1.172,1.189,1.13,1.151,1.124
2012-03-02 16:00:00,1.162,1.2,1.127,1.167,1.145
2012-03-02 17:00:00,1.179,1.239,1.131,1.202,1.137
2012-03-02 18:00:00,1.181,1.252,1.135,1.228,1.155
2012-03-02 19:00:00,1.186,1.221,1.122,1.236,1.143
2012-03-02 20:00:00,1.144,1.151,1.084,1.206,1.092
2012-03-02 21:00:00,1.085,1.085,1.02,1.154,1.021
2012-03-02 22:00:00,1.021,1.023,0.973,1.094,0.972
2012-03-02 23:00:00,0.978,0.951,0.944,1.063,0.941
2012-03-03 00:00:00,0.944,0.884,0.929,1.03,0.901
2012-03-03 01:00:00,0.884,0.845,0.892,1.03,0.887
2012-03-03 02:00:00,0.881,0.833,0.89,1.029,0.89
2012-03-03 03:00:00,0.871,0.829,0.89,1.025,0.892
2012-03-03 04:00:00,0.862,0.826,0.892,1.023,0.9
2012-03-03 05:00:00,0.874,0.83,0.92,1.033,0.91
2012-03-03 06:00:00,0.923,0.845,0.954,1.078,0.959
2012-03-03 07:00:00,0.965,0.892,0.994,1.131,0.984
2012-03-03 08:00:00,0.993,0.958,1.028,1.145,1.039
2012-03-03 09:00:00,1.026,1.013,1.041,1.15,1.059
2012-03-03 10:00:00,1.039,1.029,1.041,1.143,1.075
2012-03-03 11:00:00,1.033,1.037,1.037,1.133,1.068
2012-03-03 12:00:00,1.031,1.038,1.035,1.119,1.046
2012-03-03 13:00:00,1.026,1.004,1.027,1.11,1.03
2012-03-03 14:00:00,1.022,0.977,1.018,1.108,1.012
2012-03-03 15:00:00,1.019,0.967,1.013,1.112,1.023
2012-03-03 16:00:00,1.014,0.981,1.017,1.132,1.051
2012-03-03 17:00:00,1.021,1.021,1.026,1.175,1.054
2012-03-03 18:00:00,1.026,1.031,1.037,1.204,1.06
2012-03-03 19:00:00,1.033,1.025,1.044,1.215,1.043
2012-03-03 20:00:00,1.023,0.972,1.032,1.19,1.001
2012-03-03 21:00:00,0.999,0.931,0.979,1.15,0.967
2012-03-03 22:00:00,0.97,0.897,0.935,1.109,0.927
2012-03-03 23:00:00,0.954,0.846,0.905,1.096,0.908
2012-03-04 00:00:00,0.939,0.85,0.892,1.071,0.882
2012-03-04 01:00:00,0.907,0.775,0.897,1.071,0.845
2012-03-04 02:00:00,0.904,0.757,0.893,1.07,0.844
2012-03-04 03:00:00,0.894,0.753,0.894,1.064,0.845
2012-03-04 04:00:00,0.887,0.751,0.896,1.061,0.856
2012-03-04 05:00:00,0.903,0.755,0.91,1.072,0.869
2012-03-04 06:00:00,0.95,0.758,0.93,1.116,0.904
2012-03-04 07:00:00,0.99,0.794,0.963,1.169,0.931
2012-03-04 08:00:00,1.021,0.861,1.003,1.184,0.995
2012-03-04 09:00:00,1.056,0.913,1.026,1.191,1.025
2012-03-04 10:00:00,1.072,0.953,1.032,1.187,1.047
2012-03-04 11:00:00,1.067,0.98,1.031,1.179,1.034
2012-03-04 12:00:00,1.063,0.967,1.026,1.167,0.999
2012-03-04 13:00:00,1.058,0.943,1.019,1.158,0.985
2012-03-04 14:00:00,1.054,0.918,1.013,1.156,0.964
2012-03-04 15:00:00,1.052,0.91,1.021,1.162,0.981
2012-03-04 16:00:00,1.047,0.92,1.038,1.183,1.018
2012-03-04 17:00:00,1.05,0.966,1.056,1.22,1.036
2012-03-04 18:00:00,1.052,0.983,1.069,1.244,1.056
2012-03-04 19:00:00,1.054,0.976,1.076,1.253,1.043
2012-03-04 20:00:00,1.044,0.965,1.06,1.226,0.995
2012-03-04 21:00:00,1.018,0.933,0.994,1.188,0.965
2012-03-04 22:00:00,0.989,0.912,0.946,1.146,0.924
2012-03-04 23:00:00,0.969,0.863,0.915,1.133,0.908
2012-05-14 00:00:00,0.776,0.764,0.804,0.836,0.784
2012-05-14 01:00:00,0.85,0.789,0.821,0.848,0.832
2012-05-14 02:00:00,0.839,0.783,0.816,0.846,0.829
2012-05-14 03:00:00,0.841,0.779,0.816,0.834,0.833
2012-05-14 04:00:00,0.874,0.818,0.82,0.844,0.852
2012-05-14 05:00:00,0.984,0.938,0.892,0.908,0.911
2012-05-14 06:00:00,1.043,1.04,0.968,0.994,1.037
2012-05-14 07:00:00,1.071,1.102,1.029,1.046,1.078
2012-05-14 08:00:00,1.09,1.137,1.05,1.057,1.107
2012-05-14 09:00:00,1.088,1.144,1.047,1.065,1.107
2012-05-14 10:00:00,1.096,1.144,1.045,1.06,1.1
2012-05-14 11:00:00,1.101,1.152,1.041,1.049,1.117
2012-05-14 12:00:00,1.09,1.163,1.042,1.036,1.126
2012-05-14 13:00:00,1.069,1.148,1.04,1.025,1.095
2012-05-14 14:00:00,1.07,1.126,1.027,1.016,1.089
2012-05-14 15:00:00,1.057,1.105,1.003,0.999,1.068
2012-05-14 16:00:00,1.04,1.101,0.979,0.997,1.057
2012-05-14 17:00:00,1.017,1.102,0.973,0.992,1.032
2012-05-14 18:00:00,1.02,1.106,0.976,0.984,1.046
2012-05-14 19:00:00,1.013,1.078,0.981,0.981,1.059
2012-05-14 20:00:00,0.98,1.029,0.975,0.961,1.049
2012-05-14 21:00:00,0.939,0.968,0.937,0.93,0.982
2012-05-14 22:00:00,0.892,0.893,0.891,0.888,0.938
2012-05-14 23:00:00,0.859,0.839,0.852,0.877,0.9
2012-05-15 00:00:00,0.854,0.793,0.831,0.856,0.855
2012-05-15 01:00:00,0.847,0.834,0.854,0.81,0.852
2012-05-15 02:00:00,0.837,0.829,0.851,0.808,0.849
2012-05-15 03:00:00,0.838,0.825,0.85,0.798,0.854
2012-05-15 04:00:00,0.87,0.861,0.855,0.81,0.874
2012-05-15 05:00:00,0.976,0.973,0.932,0.879,0.931
2012-05-15 06:00:00,1.036,1.073,1.008,0.971,1.044
2012-05-15 07:00:00,1.065,1.138,1.06,1.024,1.081
2012-05-15 08:00:00,1.085,1.175,1.07,1.03,1.116
2012-05-15 09:00:00,1.084,1.184,1.065,1.035,1.12
2012-05-15 10:00:00,1.092,1.184,1.062,1.025,1.116
2012-05-15 11:00:00,1.095,1.191,1.057,1.011,1.126
2012-05-15 12:00:00,1.086,1.202,1.057,0.995,1.127
2012-05-15 13:00:00,1.064,1.186,1.056,0.981,1.099
2012-05-15 14:00:00,1.065,1.165,1.044,0.969,1.091
2012-05-15 15:00:00,1.052,1.145,1.026,0.946,1.078
2012-05-15 16:00:00,1.035,1.145,1.01,0.941,1.082
2012-05-15 17:00:00,1.013,1.154,1.004,0.933,1.067
2012-05-15 18:00:00,1.018,1.159,1.004,0.931,1.084
2012-05-15 19:00:00,1.011,1.127,1.001,0.932,1.089
2012-05-15 20:00:00,0.98,1.074,0.986,0.915,1.065
2012-05-15 21:00:00,0.938,1.011,0.946,0.885,1.002
2012-05-15 22:00:00,0.891,0.939,0.907,0.845,0.957
2012-05-15 23:00:00,0.859,0.881,0.875,0.835,0.924
2012-05-16 00:00:00,0.853,0.839,0.857,0.814,0.884
2012-05-16 01:00:00,0.86,0.849,0.845,0.805,0.857
2012-05-16 02:00:00,0.848,0.843,0.841,0.803,0.854
2012-05-16 03:00:00,0.85,0.839,0.84,0.795,0.858
2012-05-16 04:00:00,0.882,0.879,0.843,0.807,0.873
2012-05-16 05:00:00,0.995,0.991,0.918,0.875,0.921
2012-05-16 06:00:00,1.059,1.083,0.994,0.966,1.026
2012-05-16 07:00:00,1.089,1.141,1.051,1.017,1.066
2012-05-16 08:00:00,1.109,1.177,1.067,1.023,1.105
2012-05-16 09:00:00,1.103,1.189,1.063,1.028,1.115
2012-05-16 10:00:00,1.107,1.189,1.059,1.018,1.115
2012-05-16 11:00:00,1.109,1.196,1.055,1.004,1.125
2012-05-16 12:00:00,1.099,1.205,1.055,0.989,1.124
2012-05-16 13:00:00,1.074,1.186,1.054,0.975,1.096
2012-05-16 14:00:00,1.075,1.164,1.041,0.966,1.085
2012-05-16 15:00:00,1.059,1.142,1.022,0.945,1.072
2012-05-16 16:00:00,1.036,1.141,1.0,0.944,1.071
2012-05-16 17:00:00,1.015,1.147,0.997,0.941,1.054
2012-05-16 18:00:00,1.024,1.156,0.996,0.939,1.07
2012-05-16 19:00:00,1.023,1.127,0.996,0.939,1.079
2012-05-16 20:00:00,0.991,1.076,0.984,0.92,1.062
2012-05-16 21:00:00,0.952,1.015,0.946,0.886,1.004
2012-05-16 22:00:00,0.902,0.941,0.904,0.843,0.96
2012-05-16 23:00:00,0.869,0.886,0.868,0.831,0.927
2012-05-17 00:00:00,0.868,0.852,0.849,0.81,0.886
2012-05-17 01:00:00,0.849,0.831,0.869,0.82,0.863
2012-05-17 02:00:00,0.837,0.825,0.867,0.818,0.859
2012-05-17 03:00:00,0.84,0.821,0.867,0.807,0.863
2012-05-17 04:00:00,0.878,0.86,0.879,0.819,0.879
2012-05-17 05:00:00,0.998,0.971,0.973,0.884,0.93
2012-05-17 06:00:00,1.062,1.068,1.058,0.974,1.026
2012-05-17 07:00:00,1.09,1.126,1.112,1.031,1.058
2012-05-17 08:00:00,1.107,1.157,1.12,1.04,1.086
2012-05-17 09:00:00,1.098,1.162,1.113,1.046,1.091
2012-05-17 10:00:00,1.102,1.162,1.108,1.038,1.087
2012-05-17 11:00:00,1.107,1.169,1.101,1.025,1.097
2012-05-17 12:00:00,1.097,1.18,1.103,1.011,1.098
2012-05-17 13:00:00,1.074,1.165,1.099,0.998,1.074
2012-05-17 14:00:00,1.076,1.146,1.087,0.989,1.067
2012-05-17 15:00:00,1.062,1.126,1.074,0.969,1.054
2012-05-17 16:00:00,1.043,1.126,1.066,0.967,1.052
2012-05-17 17:00:00,1.023,1.132,1.068,0.964,1.039
2012-05-17 18:00:00,1.033,1.135,1.071,0.961,1.057
2012-05-17 19:00:00,1.028,1.103,1.062,0.96,1.066
2012-05-17 20:00:00,0.992,1.052,1.03,0.94,1.052
2012-05-17 21:00:00,0.95,0.991,0.969,0.907,0.999
2012-05-17 22:00:00,0.9,0.921,0.922,0.862,0.964
2012-05-17 23:00:00,0.868,0.869,0.89,0.849,0.936
2012-05-18 00:00:00,0.868,0.836,0.871,0.828,0.901
2012-05-18 01:00:00,0.831,0.791,0.831,0.827,0.824
2012-05-18 02:00:00,0.82,0.785,0.827,0.826,0.82
2012-05-18 03:00:00,0.823,0.781,0.826,0.814,0.824
2012-05-18 04:00:00,0.86,0.818,0.828,0.827,0.841
2012-05-18 05:00:00,0.973,0.929,0.893,0.894,0.898
2012-05-18 06:00:00,1.03,1.023,0.965,0.983,1.01
2012-05-18 07:00:00,1.053,1.085,1.024,1.032,1.047
2012-05-18 08:00:00,1.067,1.127,1.044,1.038,1.069
2012-05-18 09:00:00,1.059,1.145,1.04,1.042,1.07
2012-05-18 10:00:00,1.063,1.145,1.038,1.032,1.062
2012-05-18 11:00:00,1.068,1.153,1.034,1.018,1.077
2012-05-18 12:00:00,1.058,1.161,1.035,1.003,1.087
2012-05-18 13:00:00,1.036,1.14,1.034,0.99,1.059
2012-05-18 14:00:00,1.038,1.116,1.021,0.978,1.055
2012-05-18 15:00:00,1.024,1.094,0.995,0.953,1.034
2012-05-18 16:00:00,1.008,1.092,0.968,0.946,1.021
2012-05-18 17:00:00,0.984,1.095,0.959,0.936,1.0
2012-05-18 18:00:00,0.988,1.101,0.96,0.932,1.016
2012-05-18 19:00:00,0.981,1.073,0.965,0.933,1.033
2012-05-18 20:00:00,0.948,1.024,0.964,0.918,1.028
2012-05-18 21:00:00,0.907,0.965,0.935,0.89,0.969
2012-05-18 22:00:00,0.861,0.889,0.895,0.853,0.933
2012-05-18 23:00:00,0.831,0.831,0.859,0.846,0.9
2012-05-19 00:00:00,0.828,0.795,0.838,0.828,0.861
2012-05-19 01:00:00,0.759,0.73,0.808,0.773,0.781
2012-05-19 02:00:00,0.754,0.722,0.807,0.769,0.78
2012-05-19 03:00:00,0.742,0.717,0.804,0.757,0.778
2012-05-19 04:00:00,0.717,0.717,0.804,0.751,0.773
2012-05-19 05:00:00,0.726,0.757,0.821,0.764,0.769
2012-05-19 06:00:00,0.786,0.799,0.862,0.795,0.827
2012-05-19 07:00:00,0.843,0.852,0.911,0.83,0.874
2012-05-19 08:00:00,0.886,0.905,0.945,0.843,0.923
2012-05-19 09:00:00,0.921,0.941,0.952,0.857,0.951
2012-05-19 10:00:00,0.934,0.949,0.951,0.861,0.969
2012-05-19 11:00:00,0.915,0.956,0.948,0.859,0.976
2012-05-19 12:00:00,0.909,0.957,0.948,0.855,0.967
2012-05-19 13:00:00,0.894,0.93,0.946,0.851,0.943
2012-05-19 14:00:00,0.885,0.908,0.937,0.85,0.926
2012-05-19 15:00:00,0.873,0.896,0.922,0.847,0.913
2012-05-19 16:00:00,0.843,0.9,0.91,0.854,0.898
2012-05-19 17:00:00,0.841,0.906,0.909,0.86,0.874
2012-05-19 18:00:00,0.85,0.896,0.912,0.859,0.876
2012-05-19 19:00:00,0.87,0.865,0.92,0.861,0.894
2012-05-19 20:00:00,0.873,0.83,0.921,0.847,0.907
2012-05-19 21:00:00,0.854,0.799,0.898,0.829,0.875
2012-05-19 22:00:00,0.816,0.756,0.86,0.803,0.838
2012-05-19 23:00:00,0.79,0.729,0.826,0.804,0.808
2012-05-20 00:00:00,0.777,0.727,0.809,0.789,0.771
2012-05-20 01:00:00,0.715,0.698,0.809,0.733,0.753
2012-05-20 02:00:00,0.712,0.69,0.81,0.729,0.748
2012-05-20 03:00:00,0.699,0.685,0.804,0.717,0.746
2012-05-20 04:00:00,0.674,0.683,0.802,0.714,0.744
2012-05-20 05:00:00,0.676,0.686,0.803,0.733,0.749
2012-05-20 06:00:00,0.731,0.701,0.827,0.768,0.798
2012-05-20 07:00:00,0.789,0.748,0.874,0.802,0.845
2012-05-20 08:00:00,0.836,0.803,0.917,0.813,0.9
2012-05-20 09:00:00,0.88,0.848,0.939,0.827,0.935
2012-05-20 10:00:00,0.901,0.858,0.94,0.828,0.955
2012-05-20 11:00:00,0.885,0.865,0.939,0.824,0.958
2012-05-20 12:00:00,0.877,0.868,0.938,0.818,0.94
2012-05-20 13:00:00,0.864,0.856,0.937,0.812,0.918
2012-05-20 14:00:00,0.855,0.836,0.93,0.809,0.9
2012-05-20 15:00:00,0.846,0.826,0.922,0.803,0.89
2012-05-20 16:00:00,0.823,0.83,0.917,0.809,0.881
2012-05-20 17:00:00,0.818,0.846,0.917,0.812,0.871
2012-05-20 18:00:00,0.823,0.855,0.92,0.811,0.887
2012-05-20 19:00:00,0.837,0.846,0.921,0.813,0.911
2012-05-20 20:00:00,0.841,0.817,0.924,0.799,0.92
2012-05-20 21:00:00,0.821,0.794,0.907,0.78,0.889
2012-05-20 22:00:00,0.787,0.765,0.87,0.756,0.853
2012-05-20 23:00:00,0.759,0.727,0.832,0.758,0.825
2012-08-22 00:00:00,0.771,0.791,0.833,0.723,0.857
2012-08-22 01:00:00,0.77,0.781,0.832,0.71,0.822
2012-08-22 02:00:00,0.763,0.775,0.828,0.704,0.817
2012-08-22 03:00:00,0.762,0.771,0.826,0.692,0.819
2012-08-22 04:00:00,0.778,0.81,0.828,0.702,0.829
2012-08-22 05:00:00,0.87,0.929,0.898,0.772,0.871
2012-08-22 06:00:00,0.913,1.041,0.97,0.869,0.983
2012-08-22 07:00:00,0.957,1.111,1.031,0.932,1.038
2012-08-22 08:00:00,0.999,1.151,1.058,0.949,1.087
2012-08-22 09:00:00,1.023,1.161,1.056,0.966,1.107
2012-08-22 10:00:00,1.053,1.161,1.055,0.968,1.114
2012-08-22 11:00:00,1.056,1.169,1.051,0.962,1.127
2012-08-22 12:00:00,1.035,1.181,1.052,0.952,1.124
2012-08-22 13:00:00,1.007,1.163,1.049,0.942,1.091
2012-08-22 14:00:00,1.006,1.141,1.035,0.936,1.077
2012-08-22 15:00:00,0.99,1.119,1.019,0.925,1.056
2012-08-22 16:00:00,0.963,1.119,1.005,0.932,1.042
2012-08-22 17:00:00,0.924,1.126,1.004,0.924,1.017
2012-08-22 18:00:00,0.923,1.126,1.011,0.905,1.035
2012-08-22 19:00:00,0.916,1.091,1.011,0.888,1.057
2012-08-22 20:00:00,0.903,1.035,0.994,0.857,1.058
2012-08-22 21:00:00,0.868,0.969,0.947,0.813,0.995
2012-08-22 22:00:00,0.823,0.891,0.898,0.761,0.945
2012-08-22 23:00:00,0.785,0.83,0.857,0.741,0.904
2012-08-23 00:00:00,0.777,0.785,0.834,0.713,0.855
2012-08-23 01:00:00,0.766,0.775,0.83,0.735,0.813
2012-08-23 02:00:00,0.756,0.77,0.826,0.732,0.808
2012-08-23 03:00:00,0.758,0.766,0.824,0.721,0.811
2012-08-23 04:00:00,0.786,0.805,0.825,0.734,0.826
2012-08-23 05:00:00,0.897,0.92,0.885,0.801,0.876
2012-08-23 06:00:00,0.954,1.022,0.957,0.892,0.989
2012-08-23 07:00:00,0.989,1.086,1.018,0.948,1.036
2012-08-23 08:00:00,1.019,1.123,1.047,0.959,1.081
2012-08-23 09:00:00,1.027,1.133,1.046,0.97,1.095
2012-08-23 10:00:00,1.044,1.133,1.044,0.967,1.098
2012-08-23 11:00:00,1.048,1.141,1.042,0.957,1.109
2012-08-23 12:00:00,1.033,1.152,1.042,0.944,1.107
2012-08-23 13:00:00,1.006,1.134,1.041,0.934,1.076
2012-08-23 14:00:00,1.007,1.111,1.029,0.927,1.064
2012-08-23 15:00:00,0.992,1.091,1.011,0.914,1.047
2012-08-23 16:00:00,0.968,1.09,0.993,0.919,1.041
2012-08-23 17:00:00,0.939,1.098,0.985,0.916,1.022
2012-08-23 18:00:00,0.944,1.102,0.983,0.905,1.041
2012-08-23 19:00:00,0.937,1.068,0.984,0.894,1.058
2012-08-23 20:00:00,0.911,1.013,0.978,0.865,1.047
2012-08-23 21:00:00,0.87,0.949,0.944,0.824,0.984
2012-08-23 22:00:00,0.82,0.874,0.899,0.775,0.936
2012-08-23 23:00:00,0.784,0.816,0.858,0.759,0.898
2012-08-24 00:00:00,0.78,0.78,0.835,0.735,0.853
2012-08-24 01:00:00,0.777,0.778,0.829,0.731,0.793
2012-08-24 02:00:00,0.767,0.772,0.826,0.728,0.789
2012-08-24 03:00:00,0.77,0.768,0.824,0.718,0.791
2012-08-24 04:00:00,0.804,0.808,0.825,0.731,0.805
2012-08-24 05:00:00,0.923,0.927,0.892,0.802,0.851
2012-08-24 06:00:00,0.978,1.035,0.963,0.897,0.967
2012-08-24 07:00:00,1.009,1.102,1.023,0.954,1.021
2012-08-24 08:00:00,1.035,1.141,1.05,0.963,1.075
2012-08-24 09:00:00,1.042,1.15,1.049,0.972,1.094
2012-08-24 10:00:00,1.059,1.15,1.045,0.967,1.101
2012-08-24 11:00:00,1.067,1.159,1.043,0.955,1.112
2012-08-24 12:00:00,1.053,1.17,1.044,0.942,1.106
2012-08-24 13:00:00,1.029,1.152,1.042,0.93,1.073
2012-08-24 14:00:00,1.031,1.129,1.03,0.921,1.058
2012-08-24 15:00:00,1.019,1.108,1.015,0.904,1.041
2012-08-24 16:00:00,1.002,1.109,1.0,0.906,1.035
2012-08-24 17:00:00,0.972,1.118,0.996,0.9,1.015
2012-08-24 18:00:00,0.972,1.122,0.997,0.891,1.034
2012-08-24 19:00:00,0.96,1.087,0.996,0.884,1.052
2012-08-24 20:00:00,0.927,1.027,0.983,0.858,1.041
2012-08-24 21:00:00,0.881,0.961,0.942,0.82,0.976
2012-08-24 22:00:00,0.832,0.884,0.896,0.772,0.922
2012-08-24 23:00:00,0.795,0.823,0.855,0.757,0.881
2012-08-25 00:00:00,0.788,0.782,0.833,0.734,0.831
2012-08-25 01:00:00,0.673,0.728,0.825,0.697,0.799
2012-08-25 02:00:00,0.67,0.72,0.823,0.693,0.797
2012-08-25 03:00:00,0.66,0.715,0.822,0.679,0.795
2012-08-25 04:00:00,0.645,0.721,0.823,0.674,0.788
2012-08-25 05:00:00,0.665,0.763,0.84,0.691,0.778
2012-08-25 06:00:00,0.713,0.802,0.876,0.733,0.825
2012-08-25 07:00:00,0.765,0.852,0.923,0.777,0.874
2012-08-25 08:00:00,0.808,0.905,0.958,0.794,0.935
2012-08-25 09:00:00,0.846,0.944,0.966,0.81,0.971
2012-08-25 10:00:00,0.869,0.951,0.964,0.814,0.996
2012-08-25 11:00:00,0.858,0.959,0.962,0.812,0.997
2012-08-25 12:00:00,0.849,0.958,0.961,0.806,0.978
2012-08-25 13:00:00,0.834,0.928,0.959,0.801,0.956
2012-08-25 14:00:00,0.829,0.904,0.949,0.799,0.934
2012-08-25 15:00:00,0.82,0.891,0.936,0.795,0.928
2012-08-25 16:00:00,0.798,0.897,0.931,0.803,0.921
2012-08-25 17:00:00,0.79,0.907,0.936,0.81,0.905
2012-08-25 18:00:00,0.797,0.903,0.948,0.808,0.91
2012-08-25 19:00:00,0.808,0.87,0.955,0.808,0.925
2012-08-25 20:00:00,0.808,0.829,0.95,0.792,0.931
2012-08-25 21:00:00,0.788,0.794,0.915,0.77,0.902
2012-08-25 22:00:00,0.754,0.748,0.874,0.741,0.861
2012-08-25 23:00:00,0.729,0.728,0.84,0.737,0.833
2012-08-26 00:00:00,0.717,0.716,0.824,0.718,0.797
2012-08-26 01:00:00,0.698,0.694,0.819,0.685,0.725
2012-08-26 02:00:00,0.695,0.686,0.816,0.679,0.721
2012-08-26 03:00:00,0.684,0.681,0.816,0.664,0.717
2012-08-26 04:00:00,0.671,0.678,0.817,0.657,0.711
2012-08-26 05:00:00,0.688,0.682,0.819,0.67,0.701
2012-08-26 06:00:00,0.74,0.706,0.841,0.712,0.738
2012-08-26 07:00:00,0.79,0.759,0.881,0.763,0.791
2012-08-26 08:00:00,0.828,0.818,0.926,0.787,0.862
2012-08-26 09:00:00,0.865,0.867,0.95,0.809,0.908
2012-08-26 10:00:00,0.884,0.884,0.957,0.821,0.939
2012-08-26 11:00:00,0.874,0.891,0.956,0.823,0.936
2012-08-26 12:00:00,0.867,0.895,0.951,0.82,0.907
2012-08-26 13:00:00,0.857,0.882,0.943,0.816,0.886
2012-08-26 14:00:00,0.851,0.86,0.935,0.817,0.861
2012-08-26 15:00:00,0.844,0.849,0.939,0.82,0.857
2012-08-26 16:00:00,0.828,0.852,0.951,0.834,0.855
2012-08-26 17:00:00,0.826,0.871,0.955,0.842,0.848
2012-08-26 18:00:00,0.83,0.887,0.967,0.833,0.864
2012-08-26 19:00:00,0.839,0.88,0.975,0.826,0.885
2012-08-26 20:00:00,0.834,0.852,0.966,0.802,0.889
2012-08-26 21:00:00,0.81,0.825,0.918,0.774,0.862
2012-08-26 22:00:00,0.777,0.794,0.872,0.739,0.821
2012-08-26 23:00:00,0.752,0.751,0.837,0.729,0.793
2012-08-27 00:00:00,0.736,0.726,0.818,0.707,0.759
2012-08-27 01:00:00,0.786,0.782,0.821,0.738,0.778
2012-08-27 02:00:00,0.774,0.776,0.816,0.738,0.773
2012-08-27 03:00:00,0.777,0.772,0.816,0.731,0.777
2012-08-27 04:00:00,0.817,0.812,0.82,0.747,0.795
2012-08-27 05:00:00,0.943,0.926,0.894,0.817,0.854
2012-08-27 06:00:00,1.009,1.023,0.972,0.91,0.97
2012-08-27 07:00:00,1.037,1.085,1.035,0.962,1.012
2012-08-27 08:00:00,1.055,1.123,1.065,0.967,1.045
2012-08-27 09:00:00,1.048,1.136,1.062,0.969,1.051
2012-08-27 10:00:00,1.052,1.136,1.059,0.957,1.047
2012-08-27 11:00:00,1.058,1.144,1.056,0.942,1.061
2012-08-27 12:00:00,1.048,1.153,1.057,0.925,1.065
2012-08-27 13:00:00,1.025,1.135,1.055,0.913,1.035
2012-08-27 14:00:00,1.027,1.112,1.043,0.904,1.028
2012-08-27 15:00:00,1.013,1.09,1.026,0.888,1.008
2012-08-27 16:00:00,0.996,1.09,1.009,0.893,0.999
2012-08-27 17:00:00,0.975,1.095,1.002,0.9,0.98
2012-08-27 18:00:00,0.984,1.101,1.005,0.905,1.001
2012-08-27 19:00:00,0.977,1.069,1.008,0.903,1.019
2012-08-27 20:00:00,0.94,1.016,0.995,0.875,1.01
2012-08-27 21:00:00,0.893,0.954,0.949,0.832,0.946
2012-08-27 22:00:00,0.841,0.879,0.898,0.783,0.904
2012-08-27 23:00:00,0.807,0.821,0.855,0.767,0.868
2012-08-28 00:00:00,0.805,0.786,0.831,0.744,0.825
2012-08-28 01:00:00,0.798,0.787,0.837,0.774,0.825
2012-08-28 02:00:00,0.788,0.781,0.834,0.774,0.821
2012-08-28 03:00:00,0.79,0.777,0.832,0.77,0.824
2012-08-28 04:00:00,0.828,0.819,0.835,0.79,0.839
2012-08-28 05:00:00,0.947,0.938,0.899,0.868,0.887
2012-08-28 06:00:00,1.002,1.041,0.969,0.958,0.984
2012-08-28 07:00:00,1.028,1.104,1.029,0.997,1.019
2012-08-28 08:00:00,1.046,1.142,1.052,0.994,1.047
2012-08-28 09:00:00,1.042,1.152,1.049,0.996,1.053
2012-08-28 10:00:00,1.051,1.153,1.046,0.984,1.05
2012-08-28 11:00:00,1.058,1.161,1.043,0.97,1.061
2012-08-28 12:00:00,1.047,1.172,1.043,0.956,1.064
2012-08-28 13:00:00,1.024,1.153,1.042,0.946,1.038
2012-08-28 14:00:00,1.026,1.129,1.022,0.94,1.031
2012-08-28 15:00:00,1.013,1.108,1.002,0.926,1.016
2012-08-28 16:00:00,0.998,1.109,0.982,0.934,1.01
2012-08-28 17:00:00,0.971,1.122,0.975,0.934,0.994
2012-08-28 18:00:00,0.973,1.133,0.984,0.926,1.01
2012-08-28 19:00:00,0.963,1.098,0.989,0.915,1.021
2012-08-28 20:00:00,0.929,1.037,0.982,0.879,1.011
2012-08-28 21:00:00,0.885,0.968,0.945,0.831,0.959
2012-08-28 22:00:00,0.838,0.892,0.901,0.782,0.923
2012-08-28 23:00:00,0.805,0.831,0.862,0.771,0.893
2012-10-28 00:00:00,0.802,0.824,0.922,0.975,0.791
2012-10-28 01:00:00,0.838,0.815,0.913,0.979,0.82
2012-10-28 02:00:00,0.833,0.808,0.937,0.979,0.818
2012-10-28 03:00:00,0.825,0.804,0.91,0.977,0.817
2012-10-28 04:00:00,0.828,0.801,0.912,0.984,0.82
2012-10-28 05:00:00,0.854,0.805,0.926,1.014,0.822
2012-10-28 06:00:00,0.913,0.808,0.947,1.061,0.871
2012-10-28 07:00:00,0.947,0.855,0.991,1.099,0.921
2012-10-28 08:00:00,0.965,0.909,1.038,1.103,1.001
2012-10-28 09:00:00,0.989,0.952,1.059,1.106,1.045
2012-10-28 10:00:00,0.995,0.983,1.061,1.099,1.076
2012-10-28 11:00:00,0.992,1.005,1.056,1.089,1.067
2012-10-28 12:00:00,0.994,0.994,1.048,1.078,1.032
2012-10-28 13:00:00,0.993,0.972,1.035,1.07,1.01
2012-10-28 14:00:00,0.989,0.95,1.022,1.07,0.983
2012-10-28 15:00:00,0.99,0.944,1.013,1.074,0.989
2012-10-28 16:00:00,0.994,0.957,1.03,1.097,1.008
2012-10-28 17:00:00,1.002,1.005,1.067,1.128,1.011
2012-10-28 18:00:00,1.0,1.009,1.089,1.143,1.03
2012-10-28 19:00:00,0.997,1.004,1.097,1.142,1.035
2012-10-28 20:00:00,0.975,0.979,1.076,1.107,1.01
2012-10-28 21:00:00,0.941,0.943,1.004,1.059,0.972
2012-10-28 22:00:00,0.911,0.921,0.95,1.016,0.921
2012-10-28 23:00:00,0.891,0.874,0.916,1.007,0.892
2012-10-29 00:00:00,0.868,0.844,0.91,0.986,0.857
2012-10-29 01:00:00,0.958,0.928,0.939,0.999,0.931
2012-10-29 02:00:00,0.945,0.922,0.935,1.0,0.93
2012-10-29 03:00:00,0.95,0.919,0.937,1.0,0.937
2012-10-29 04:00:00,1.008,0.973,0.961,1.027,0.966
2012-10-29 05:00:00,1.147,1.097,1.061,1.117,1.045
2012-10-29 06:00:00,1.224,1.199,1.144,1.213,1.182
2012-10-29 07:00:00,1.241,1.238,1.201,1.249,1.214
2012-10-29 08:00:00,1.244,1.257,1.207,1.241,1.241
2012-10-29 09:00:00,1.231,1.263,1.2,1.242,1.233
2012-10-29 10:00:00,1.23,1.263,1.195,1.231,1.22
2012-10-29 11:00:00,1.245,1.269,1.183,1.216,1.233
2012-10-29 12:00:00,1.241,1.278,1.186,1.202,1.241
2012-10-29 13:00:00,1.226,1.264,1.176,1.193,1.212
2012-10-29 14:00:00,1.23,1.244,1.159,1.19,1.208
2012-10-29 15:00:00,1.224,1.224,1.132,1.183,1.194
2012-10-29 16:00:00,1.228,1.232,1.116,1.202,1.201
2012-10-29 17:00:00,1.212,1.267,1.139,1.207,1.185
2012-10-29 18:00:00,1.203,1.295,1.172,1.195,1.204
2012-10-29 19:00:00,1.177,1.257,1.18,1.174,1.202
2012-10-29 20:00:00,1.12,1.174,1.142,1.122,1.166
2012-10-29 21:00:00,1.055,1.091,1.054,1.056,1.091
2012-10-29 22:00:00,1.003,1.022,0.991,0.996,1.043
2012-10-29 23:00:00,0.966,0.964,0.958,0.978,1.008
2012-10-30 00:00:00,0.949,0.931,0.942,0.958,0.965
2012-10-30 01:00:00,0.998,0.905,0.964,0.979,0.942
2012-10-30 02:00:00,0.986,0.9,0.962,0.974,0.944
2012-10-30 03:00:00,0.975,0.897,0.962,0.965,0.952
2012-10-30 04:00:00,0.99,0.901,0.981,0.972,0.98
2012-10-30 05:00:00,1.052,0.972,1.081,1.024,1.048
2012-10-30 06:00:00,1.169,1.081,1.165,1.123,1.166
2012-10-30 07:00:00,1.224,1.173,1.214,1.208,1.188
2012-10-30 08:00:00,1.245,1.226,1.217,1.234,1.219
2012-10-30 09:00:00,1.264,1.25,1.21,1.25,1.211
2012-10-30 10:00:00,1.258,1.256,1.206,1.252,1.202
2012-10-30 11:00:00,1.249,1.263,1.197,1.242,1.208
2012-10-30 12:00:00,1.255,1.274,1.2,1.227,1.208
2012-10-30 13:00:00,1.25,1.27,1.192,1.214,1.183
2012-10-30 14:00:00,1.242,1.248,1.182,1.21,1.177
2012-10-30 15:00:00,1.24,1.236,1.176,1.21,1.176
2012-10-30 16:00:00,1.239,1.251,1.179,1.231,1.201
2012-10-30 17:00:00,1.251,1.291,1.187,1.256,1.194
2012-10-30 18:00:00,1.242,1.299,1.194,1.26,1.208
2012-10-30 19:00:00,1.236,1.272,1.179,1.251,1.19
2012-10-30 20:00:00,1.191,1.196,1.132,1.21,1.134
2012-10-30 21:00:00,1.128,1.129,1.056,1.153,1.067
2012-10-30 22:00:00,1.068,1.073,1.008,1.087,1.021
2012-10-30 23:00:00,1.023,1.001,0.979,1.052,0.993
2012-10-31 00:00:00,0.981,0.933,0.965,1.016,0.957
2012-10-31 01:00:00,0.997,0.833,0.946,1.001,0.93
2012-10-31 02:00:00,0.983,0.828,0.943,0.998,0.932
2012-10-31 03:00:00,0.973,0.824,0.944,0.99,0.94
2012-10-31 04:00:00,0.991,0.824,0.963,1.002,0.97
2012-10-31 05:00:00,1.056,0.83,1.063,1.066,1.04
2012-10-31 06:00:00,1.18,0.879,1.147,1.161,1.16
2012-10-31 07:00:00,1.233,0.942,1.195,1.224,1.18
2012-10-31 08:00:00,1.249,1.002,1.197,1.239,1.21
2012-10-31 09:00:00,1.26,1.035,1.19,1.252,1.2
2012-10-31 10:00:00,1.247,1.057,1.185,1.252,1.19
2012-10-31 11:00:00,1.237,1.077,1.176,1.242,1.195
2012-10-31 12:00:00,1.246,1.075,1.18,1.23,1.196
2012-10-31 13:00:00,1.242,1.055,1.172,1.22,1.172
2012-10-31 14:00:00,1.234,1.031,1.162,1.216,1.166
2012-10-31 15:00:00,1.231,1.025,1.154,1.213,1.165
2012-10-31 16:00:00,1.231,1.049,1.157,1.231,1.192
2012-10-31 17:00:00,1.249,1.106,1.167,1.241,1.186
2012-10-31 18:00:00,1.245,1.113,1.175,1.233,1.2
2012-10-31 19:00:00,1.242,1.103,1.161,1.218,1.18
2012-10-31 20:00:00,1.193,1.047,1.113,1.177,1.121
2012-10-31 21:00:00,1.128,0.99,1.037,1.122,1.054
2012-10-31 22:00:00,1.067,0.955,0.988,1.062,1.007
2012-10-31 23:00:00,1.024,0.896,0.96,1.037,0.98
2012-11-01 00:00:00,0.985,0.838,0.946,1.007,0.944
2012-11-01 01:00:00,0.957,0.779,0.88,0.951,0.818
2012-11-01 02:00:00,0.946,0.774,0.873,0.945,0.819
2012-11-01 03:00:00,0.934,0.771,0.875,0.934,0.818
2012-11-01 04:00:00,0.946,0.77,0.877,0.942,0.822
2012-11-01 05:00:00,1.001,0.777,0.9,0.999,0.822
2012-11-01 06:00:00,1.116,0.825,0.92,1.096,0.876
2012-11-01 07:00:00,1.173,0.892,0.948,1.174,0.919
2012-11-01 08:00:00,1.198,0.95,0.983,1.199,0.996
2012-11-01 09:00:00,1.225,0.978,1.001,1.219,1.034
2012-11-01 10:00:00,1.225,0.996,1.004,1.225,1.061
2012-11-01 11:00:00,1.217,1.018,1.002,1.221,1.053
2012-11-01 12:00:00,1.221,1.019,0.997,1.21,1.021
2012-11-01 13:00:00,1.216,1.003,0.991,1.2,0.997
2012-11-01 14:00:00,1.207,0.982,0.984,1.197,0.971
2012-11-01 15:00:00,1.206,0.978,0.99,1.197,0.98
2012-11-01 16:00:00,1.206,1.002,1.005,1.216,1.004
2012-11-01 17:00:00,1.216,1.055,1.028,1.227,1.004
2012-11-01 18:00:00,1.203,1.062,1.045,1.214,1.015
2012-11-01 19:00:00,1.194,1.053,1.054,1.196,1.007
2012-11-01 20:00:00,1.152,0.99,1.036,1.152,0.973
2012-11-01 21:00:00,1.089,0.935,0.966,1.098,0.936
2012-11-01 22:00:00,1.03,0.903,0.922,1.034,0.885
2012-11-01 23:00:00,0.983,0.846,0.895,1.004,0.858
2012-11-02 00:00:00,0.939,0.783,0.881,0.969,0.822
2012-11-02 01:00:00,0.958,0.864,0.885,0.914,0.88
2012-11-02 02:00:00,0.946,0.859,0.881,0.907,0.883
2012-11-02 03:00:00,0.935,0.856,0.882,0.893,0.885
2012-11-02 04:00:00,0.948,0.863,0.887,0.898,0.898
2012-11-02 05:00:00,1.006,0.937,0.958,0.948,0.92
2012-11-02 06:00:00,1.128,1.047,1.027,1.041,1.003
2012-11-02 07:00:00,1.184,1.137,1.076,1.123,1.038
2012-11-02 08:00:00,1.206,1.189,1.103,1.153,1.099
2012-11-02 09:00:00,1.227,1.211,1.111,1.177,1.118
2012-11-02 10:00:00,1.221,1.221,1.11,1.186,1.131
2012-11-02 11:00:00,1.211,1.228,1.102,1.183,1.129
2012-11-02 12:00:00,1.217,1.24,1.106,1.173,1.111
2012-11-02 13:00:00,1.213,1.234,1.1,1.165,1.086
2012-11-02 14:00:00,1.204,1.21,1.094,1.163,1.066
2012-11-02 15:00:00,1.202,1.198,1.101,1.167,1.072
2012-11-02 16:00:00,1.202,1.213,1.096,1.19,1.097
2012-11-02 17:00:00,1.215,1.257,1.101,1.205,1.091
2012-11-02 18:00:00,1.207,1.264,1.103,1.195,1.096
2012-11-02 19:00:00,1.201,1.245,1.086,1.176,1.08
2012-11-02 20:00:00,1.156,1.163,1.051,1.133,1.035
2012-11-02 21:00:00,1.092,1.092,0.991,1.078,0.985
2012-11-02 22:00:00,1.031,1.035,0.945,1.013,0.932
2012-11-02 23:00:00,0.985,0.963,0.911,0.979,0.904
2012-11-03 00:00:00,0.943,0.894,0.891,0.943,0.866
2012-11-03 01:00:00,0.844,0.829,0.881,0.878,0.833
2012-11-03 02:00:00,0.844,0.813,0.879,0.87,0.837
2012-11-03 03:00:00,0.834,0.808,0.879,0.853,0.838
2012-11-03 04:00:00,0.829,0.806,0.883,0.842,0.842
2012-11-03 05:00:00,0.845,0.81,0.915,0.847,0.84
2012-11-03 06:00:00,0.885,0.831,0.954,0.883,0.898
2012-11-03 07:00:00,0.926,0.894,0.992,0.938,0.936
2012-11-03 08:00:00,0.961,0.96,1.025,0.966,1.009
2012-11-03 09:00:00,1.007,1.007,1.04,0.994,1.039
2012-11-03 10:00:00,1.034,1.033,1.044,1.01,1.064
2012-11-03 11:00:00,1.035,1.041,1.039,1.016,1.057
2012-11-03 12:00:00,1.03,1.039,1.037,1.014,1.03
2012-11-03 13:00:00,1.026,1.01,1.03,1.012,1.008
2012-11-03 14:00:00,1.023,0.985,1.024,1.014,0.983
2012-11-03 15:00:00,1.026,0.978,1.033,1.02,0.994
2012-11-03 16:00:00,1.031,0.997,1.039,1.038,1.02
2012-11-03 17:00:00,1.028,1.034,1.044,1.047,1.016
2012-11-03 18:00:00,1.019,1.033,1.056,1.035,1.018
2012-11-03 19:00:00,1.01,1.027,1.05,1.025,1.003
2012-11-03 20:00:00,0.998,0.967,1.021,1.001,0.963
2012-11-03 21:00:00,0.967,0.925,0.968,0.973,0.924
2012-11-03 22:00:00,0.942,0.896,0.927,0.939,0.871
2012-11-03 23:00:00,0.918,0.842,0.896,0.929,0.845
